ID Vehículo,Marca,Modelo,Año,Color,Kilometraje (km),Tipo de Combustible,Transmisión,Precio ($),Estado
V0001,BMW,Modelo D,2016,Verde,11071,Diésel,Automática,40775.59,Nuevo
V0002,Toyota,Modelo A,2009,Negro,19304,Eléctrico,Manual,13679.2,Nuevo
V0003,Honda,Modelo C,2005,Rojo,44214,Híbrido,Manual,45741.03,Nuevo
V0004,Honda,Modelo E,2008,Azul,18976,Diésel,Automática,29666.44,Nuevo
V0005,Honda,Modelo B,2017,Blanco,168917,Híbrido,Automática,18647.03,Usado
V0006,Ford,Modelo D,2016,Verde,66204,Gasolina,Manual,10856.61,Usado
V0007,Honda,Modelo D,2012,Negro,171675,Híbrido,Manual,47376.87,Nuevo
V0008,Chevrolet,Modelo D,2005,Verde,92025,Gasolina,Automática,7962.18,Usado
V0009,BMW,Modelo C,2018,Azul,10417,Gasolina,Automática,16780.27,Nuevo
V0010,Toyota,Modelo E,2012,Blanco,94078,Gasolina,Manual,42746.79,Usado
V0011,Toyota,Modelo D,2001,Verde,65284,Eléctrico,Manual,17555.19,Nuevo
V0012,BMW,Modelo E,2010,Azul,168708,Gasolina,Manual,26638.23,Usado
V0013,Chevrolet,Modelo B,2003,Blanco,155615,Diésel,Manual,40292.9,Usado
V0014,Ford,Modelo A,2016,Verde,14274,Híbrido,Automática,31594.92,Nuevo
V0015,Toyota,Modelo A,2006,Negro,22238,Gasolina,Manual,37095.8,Usado
V0016,Ford,Modelo B,2000,Azul,55627,Eléctrico,Manual,19046.57,Usado
V0017,Ford,Modelo A,2007,Negro,166602,Gasolina,Automática,13931.82,Nuevo
V0018,Toyota,Modelo D,2003,Azul,5314,Diésel,Automática,32156.23,Usado
V0019,Ford,Modelo C,2020,Negro,154188,Eléctrico,Automática,12523.27,Nuevo
V0020,BMW,Modelo A,2004,Negro,19924,Híbrido,Automática,29254.04,Nuevo
V0021,Honda,Modelo B,2012,Verde,165513,Eléctrico,Automática,42900.82,Nuevo
V0022,Toyota,Modelo C,2021,Verde,35578,Diésel,Manual,32036.44,Usado
V0023,Honda,Modelo B,2017,Negro,159155,Gasolina,Automática,33724.51,Nuevo
V0024,Toyota,Modelo D,2022,Azul,25222,Gasolina,Automática,17416.89,Nuevo
V0025,Chevrolet,Modelo B,2008,Verde,41470,Gasolina,Manual,49555.6,Nuevo
V0026,Honda,Modelo D,2015,Verde,79391,Gasolina,Manual,18234.59,Usado
V0027,Toyota,Modelo A,2006,Negro,12298,Híbrido,Automática,21084.53,Usado
V0028,Ford,Modelo C,2010,Azul,21168,Gasolina,Manual,22363.06,Usado
V0029,Honda,Modelo E,2001,Negro,13256,Gasolina,Manual,47747.62,Usado
V0030,Honda,Modelo C,2004,Rojo,68825,Híbrido,Automática,32480.8,Nuevo
V0031,Honda,Modelo E,2004,Negro,54885,Gasolina,Automática,7722.1,Nuevo
V0032,Toyota,Modelo A,2013,Azul,12623,Eléctrico,Automática,22039.05,Nuevo
V0033,Ford,Modelo B,2013,Verde,149018,Gasolina,Automática,11601.22,Nuevo
V0034,Ford,Modelo D,2009,Verde,62277,Gasolina,Manual,11239.18,Usado
V0035,Ford,Modelo D,2008,Blanco,194770,Gasolina,Automática,31765.55,Usado
V0036,Toyota,Modelo D,2006,Negro,65444,Diésel,Manual,20840.74,Usado
V0037,Chevrolet,Modelo A,2012,Verde,17445,Híbrido,Manual,29325.67,Usado
V0038,BMW,Modelo A,2002,Rojo,101970,Híbrido,Automática,32929.63,Nuevo
V0039,Honda,Modelo E,2003,Verde,47938,Gasolina,Manual,26951.89,Usado
V0040,Honda,Modelo C,2008,Rojo,186607,Eléctrico,Automática,14692.62,Usado
V0041,Chevrolet,Modelo C,2016,Verde,145576,Híbrido,Manual,9160.05,Nuevo
V0042,BMW,Modelo B,2005,Verde,79081,Híbrido,Automática,18516.88,Nuevo
V0043,Chevrolet,Modelo E,2008,Azul,22656,Gasolina,Manual,29233.22,Nuevo
V0044,Toyota,Modelo A,2021,Verde,61760,Eléctrico,Automática,17570.89,Usado
V0045,Toyota,Modelo A,2022,Rojo,9097,Diésel,Automática,22630.02,Nuevo
V0046,BMW,Modelo D,2005,Azul,36670,Diésel,Manual,45756.72,Nuevo
V0047,Toyota,Modelo E,2004,Verde,141233,Eléctrico,Automática,6185.06,Nuevo
V0048,BMW,Modelo E,2011,Azul,1539,Eléctrico,Automática,8722.56,Usado
V0049,Ford,Modelo A,2002,Verde,50309,Diésel,Manual,41902.8,Nuevo
V0050,BMW,Modelo E,2006,Blanco,101201,Eléctrico,Manual,13374.63,Usado
V0051,Ford,Modelo D,2006,Azul,124178,Híbrido,Manual,42449.64,Nuevo
V0052,Chevrolet,Modelo D,2012,Rojo,197323,Gasolina,Manual,33118.32,Nuevo
V0053,Chevrolet,Modelo A,2017,Blanco,73333,Híbrido,Manual,9923.74,Usado
V0054,Toyota,Modelo A,2016,Verde,131180,Diésel,Automática,20042.66,Nuevo
V0055,Ford,Modelo E,2005,Verde,87209,Diésel,Manual,48271.52,Nuevo
V0056,Ford,Modelo E,2000,Blanco,161452,Híbrido,Automática,12948.39,Nuevo
V0057,Ford,Modelo C,2010,Negro,195218,Eléctrico,Automática,23604.62,Usado
V0058,Ford,Modelo E,2017,Blanco,57295,Gasolina,Manual,18828.93,Usado
V0059,Honda,Modelo E,2012,Rojo,60092,Gasolina,Automática,27941.68,Usado
V0060,Honda,Modelo B,2004,Verde,158119,Diésel,Automática,24547.48,Usado
V0061,Chevrolet,Modelo A,2010,Azul,110976,Eléctrico,Automática,46933.66,Usado
V0062,Honda,Modelo E,2001,Negro,87333,Gasolina,Automática,42175.26,Usado
V0063,Toyota,Modelo B,2009,Azul,32903,Gasolina,Automática,31117.04,Nuevo
V0064,Honda,Modelo E,2016,Blanco,99839,Eléctrico,Manual,20023.02,Usado
V0065,BMW,Modelo A,2013,Verde,188299,Eléctrico,Automática,38800.84,Usado
V0066,Ford,Modelo C,2019,Rojo,55940,Híbrido,Automática,31531.48,Nuevo
V0067,Chevrolet,Modelo D,2009,Blanco,91846,Diésel,Manual,12311.55,Usado
V0068,BMW,Modelo A,2012,Blanco,9766,Gasolina,Automática,19041.89,Usado
V0069,Honda,Modelo A,2012,Azul,4988,Híbrido,Automática,30574.55,Nuevo
V0070,BMW,Modelo B,2019,Azul,54056,Diésel,Automática,36498.28,Nuevo
V0071,BMW,Modelo B,2011,Verde,145222,Diésel,Manual,19422.69,Nuevo
V0072,BMW,Modelo B,2016,Azul,175056,Eléctrico,Manual,45960.08,Usado
V0073,Honda,Modelo C,2018,Negro,45904,Híbrido,Manual,23368.99,Nuevo
V0074,BMW,Modelo B,2005,Verde,30432,Gasolina,Automática,11712.74,Usado
V0075,BMW,Modelo A,2014,Rojo,115704,Eléctrico,Automática,14555.58,Nuevo
V0076,BMW,Modelo B,2004,Negro,87452,Híbrido,Manual,13945.49,Nuevo
V0077,Toyota,Modelo E,2018,Blanco,185316,Eléctrico,Manual,15521.19,Nuevo
V0078,BMW,Modelo E,2004,Azul,93088,Diésel,Automática,22265.26,Usado
V0079,Honda,Modelo D,2018,Rojo,194544,Gasolina,Automática,25922.48,Usado
V0080,Chevrolet,Modelo E,2015,Verde,12552,Híbrido,Automática,29402.41,Nuevo
V0081,Toyota,Modelo D,2000,Azul,188181,Híbrido,Automática,47211.19,Usado
V0082,Ford,Modelo E,2017,Negro,104498,Eléctrico,Automática,30648.18,Usado
V0083,Ford,Modelo C,2005,Blanco,107928,Híbrido,Automática,13084.09,Nuevo
V0084,Honda,Modelo D,2011,Blanco,184720,Diésel,Manual,25490.99,Nuevo
V0085,Toyota,Modelo E,2012,Azul,11349,Gasolina,Manual,12596.4,Usado
V0086,Toyota,Modelo D,2005,Verde,20746,Eléctrico,Automática,45999.11,Usado
V0087,Ford,Modelo D,2008,Verde,90272,Gasolina,Manual,12576.93,Nuevo
V0088,Chevrolet,Modelo E,2014,Azul,31112,Diésel,Automática,32475.04,Nuevo
V0089,BMW,Modelo A,2016,Azul,59877,Híbrido,Manual,31008.34,Nuevo
V0090,Chevrolet,Modelo B,2016,Azul,5851,Híbrido,Manual,33041.76,Usado
V0091,Toyota,Modelo D,2010,Rojo,151290,Diésel,Automática,7637.65,Nuevo
V0092,Honda,Modelo D,2005,Azul,177197,Eléctrico,Automática,18019.5,Nuevo
V0093,Chevrolet,Modelo D,2015,Rojo,42644,Diésel,Automática,20915.19,Nuevo
V0094,Chevrolet,Modelo B,2003,Negro,57812,Diésel,Automática,46542.25,Usado
V0095,Toyota,Modelo D,2006,Azul,199373,Diésel,Automática,32386.69,Usado
V0096,Ford,Modelo D,2016,Azul,145570,Gasolina,Automática,41351.98,Usado
V0097,Toyota,Modelo E,2018,Verde,17968,Eléctrico,Automática,27321.07,Usado
V0098,Chevrolet,Modelo A,2016,Azul,1998,Eléctrico,Automática,22878.75,Usado
V0099,Chevrolet,Modelo C,2010,Rojo,148071,Diésel,Manual,26761.96,Nuevo
V0100,Honda,Modelo C,2015,Rojo,72491,Diésel,Manual,40422.37,Usado
V0101,Chevrolet,Modelo B,2021,Azul,145613,Gasolina,Automática,9095.31,Usado
V0102,Honda,Modelo C,2001,Rojo,228,Eléctrico,Automática,47915.52,Nuevo
V0103,Chevrolet,Modelo A,2010,Azul,116193,Gasolina,Manual,32160.05,Nuevo
V0104,Ford,Modelo C,2012,Negro,50704,Eléctrico,Manual,13380,Usado
V0105,Chevrolet,Modelo A,2019,Rojo,21561,Eléctrico,Automática,6969.35,Nuevo
V0106,Honda,Modelo A,2002,Rojo,52741,Gasolina,Manual,10763.93,Usado
V0107,Honda,Modelo E,2019,Rojo,134113,Gasolina,Automática,9819.67,Nuevo
V0108,Honda,Modelo C,2018,Rojo,188127,Híbrido,Automática,23119.01,Usado
V0109,Chevrolet,Modelo D,2019,Azul,51510,Diésel,Automática,36139.58,Nuevo
V0110,Honda,Modelo B,2007,Azul,140608,Híbrido,Automática,16258.21,Nuevo
V0111,BMW,Modelo D,2007,Negro,43424,Híbrido,Manual,22327.22,Usado
V0112,Ford,Modelo C,2001,Azul,84447,Híbrido,Automática,30388.81,Nuevo
V0113,Chevrolet,Modelo C,2012,Rojo,188162,Eléctrico,Automática,41605.84,Nuevo
V0114,Honda,Modelo D,2020,Negro,135658,Diésel,Manual,32345.38,Usado
V0115,Ford,Modelo E,2012,Blanco,116891,Eléctrico,Automática,13334.37,Usado
V0116,Chevrolet,Modelo C,2022,Verde,106583,Diésel,Manual,15988.26,Nuevo
V0117,Ford,Modelo E,2007,Negro,85826,Diésel,Automática,21713.43,Usado
V0118,BMW,Modelo B,2012,Verde,58311,Eléctrico,Automática,26917.35,Usado
V0119,Chevrolet,Modelo C,2016,Rojo,41005,Diésel,Manual,44789.27,Usado
V0120,Honda,Modelo D,2016,Blanco,132756,Gasolina,Manual,16099.91,Nuevo
V0121,Toyota,Modelo E,2006,Verde,26304,Híbrido,Automática,46745.69,Usado
V0122,Honda,Modelo B,2004,Negro,123527,Gasolina,Manual,39805.65,Nuevo
V0123,Chevrolet,Modelo A,2013,Azul,164632,Diésel,Automática,19378.1,Nuevo
V0124,Honda,Modelo B,2020,Verde,98497,Eléctrico,Manual,48506.03,Nuevo
V0125,Toyota,Modelo E,2012,Azul,139875,Eléctrico,Automática,21595.35,Nuevo
V0126,Toyota,Modelo C,2021,Verde,75070,Eléctrico,Automática,35574.49,Usado
V0127,Toyota,Modelo C,2001,Rojo,75870,Diésel,Automática,47144.92,Usado
V0128,Honda,Modelo A,2018,Azul,121250,Gasolina,Manual,40514.6,Nuevo
V0129,Chevrolet,Modelo E,2006,Blanco,104668,Diésel,Manual,44892.8,Usado
V0130,Honda,Modelo C,2002,Negro,50065,Híbrido,Automática,12275.12,Nuevo
V0131,Toyota,Modelo C,2014,Blanco,170755,Híbrido,Automática,33958.45,Usado
V0132,BMW,Modelo E,2013,Verde,127321,Híbrido,Automática,8595.85,Nuevo
V0133,Toyota,Modelo B,2005,Verde,75925,Híbrido,Automática,49097.93,Nuevo
V0134,Toyota,Modelo D,2013,Blanco,33467,Gasolina,Manual,36422.54,Nuevo
V0135,Chevrolet,Modelo B,2021,Verde,646,Diésel,Automática,9690.19,Usado
V0136,Honda,Modelo E,2011,Rojo,83645,Diésel,Automática,40684.99,Nuevo
V0137,Chevrolet,Modelo B,2005,Negro,107580,Eléctrico,Automática,25803.85,Usado
V0138,Honda,Modelo C,2017,Rojo,115594,Gasolina,Automática,8578.3,Usado
V0139,Toyota,Modelo E,2012,Azul,51918,Diésel,Manual,41196.59,Usado
V0140,Toyota,Modelo C,2020,Negro,44012,Gasolina,Automática,6586.46,Usado
V0141,Toyota,Modelo C,2006,Negro,166953,Diésel,Automática,40789.9,Usado
V0142,Honda,Modelo C,2015,Verde,161447,Gasolina,Automática,30839.95,Nuevo
V0143,Toyota,Modelo B,2009,Azul,57077,Diésel,Automática,5121.77,Nuevo
V0144,Chevrolet,Modelo D,2010,Blanco,103283,Gasolina,Automática,25040.08,Nuevo
V0145,Chevrolet,Modelo A,2008,Azul,129469,Eléctrico,Automática,32476.27,Usado
V0146,Toyota,Modelo D,2016,Blanco,160154,Híbrido,Manual,14230.41,Nuevo
V0147,BMW,Modelo A,2005,Azul,57043,Gasolina,Manual,15625.58,Usado
V0148,Honda,Modelo E,2006,Azul,152180,Diésel,Manual,7912.56,Nuevo
V0149,BMW,Modelo D,2016,Blanco,93825,Híbrido,Automática,35138.03,Usado
V0150,Toyota,Modelo A,2006,Rojo,131283,Gasolina,Manual,13753.14,Usado
V0151,BMW,Modelo C,2016,Verde,51534,Diésel,Automática,43749.01,Nuevo
V0152,Honda,Modelo E,2006,Verde,73225,Eléctrico,Automática,39133.48,Nuevo
V0153,Honda,Modelo D,2001,Verde,109375,Eléctrico,Manual,9183.23,Usado
V0154,BMW,Modelo B,2015,Blanco,185836,Diésel,Manual,30095.27,Usado
V0155,Ford,Modelo E,2001,Verde,190783,Gasolina,Automática,23562.91,Usado
V0156,Honda,Modelo C,2021,Negro,134307,Híbrido,Manual,40042.66,Usado
V0157,Toyota,Modelo C,2014,Azul,44387,Híbrido,Manual,34798.59,Usado
V0158,Toyota,Modelo C,2000,Blanco,75912,Diésel,Automática,8516.96,Nuevo
V0159,Toyota,Modelo A,2022,Blanco,108250,Gasolina,Automática,49174.52,Usado
V0160,Ford,Modelo D,2004,Negro,7736,Híbrido,Automática,16561.77,Nuevo
V0161,Toyota,Modelo E,2020,Azul,166259,Gasolina,Manual,16500.18,Usado
V0162,BMW,Modelo D,2020,Verde,57517,Híbrido,Manual,18715.57,Usado
V0163,Ford,Modelo D,2007,Blanco,39757,Híbrido,Manual,48922.51,Usado
V0164,Honda,Modelo A,2002,Blanco,195773,Eléctrico,Automática,41170.18,Nuevo
V0165,Ford,Modelo A,2017,Blanco,10969,Diésel,Automática,8872.32,Usado
V0166,Toyota,Modelo C,2014,Blanco,23054,Gasolina,Manual,23809.24,Usado
V0167,Toyota,Modelo D,2004,Blanco,101872,Híbrido,Manual,43487.85,Usado
V0168,BMW,Modelo A,2009,Blanco,185485,Gasolina,Manual,20715.04,Nuevo
V0169,Honda,Modelo C,2008,Negro,88634,Gasolina,Manual,18113.63,Nuevo
V0170,Honda,Modelo E,2020,Blanco,196971,Diésel,Automática,33773.05,Usado
V0171,Ford,Modelo A,2020,Rojo,14588,Híbrido,Manual,21545.31,Nuevo
V0172,Toyota,Modelo A,2016,Azul,30280,Diésel,Manual,12272.81,Usado
V0173,Toyota,Modelo E,2007,Azul,115430,Gasolina,Automática,26747.19,Nuevo
V0174,Ford,Modelo E,2011,Verde,164915,Gasolina,Automática,41526.32,Usado
V0175,Chevrolet,Modelo A,2010,Blanco,113422,Gasolina,Manual,43003.58,Nuevo
V0176,Toyota,Modelo E,2013,Blanco,45678,Eléctrico,Manual,32704.46,Usado
V0177,Honda,Modelo E,2015,Negro,172189,Eléctrico,Automática,49960.42,Nuevo
V0178,Ford,Modelo C,2009,Rojo,142559,Gasolina,Manual,49310.19,Nuevo
V0179,Ford,Modelo A,2005,Azul,41054,Gasolina,Manual,15741.27,Usado
V0180,BMW,Modelo E,2002,Azul,1288,Híbrido,Automática,39691.44,Usado
V0181,Toyota,Modelo C,2006,Verde,4715,Eléctrico,Automática,13275.29,Usado
V0182,Toyota,Modelo A,2009,Blanco,92610,Gasolina,Manual,23513.75,Usado
V0183,Honda,Modelo A,2013,Negro,6200,Diésel,Manual,5448.36,Usado
V0184,Chevrolet,Modelo A,2005,Verde,161103,Diésel,Automática,14064.7,Nuevo
V0185,Honda,Modelo E,2006,Verde,119224,Eléctrico,Manual,15062.81,Usado
V0186,Chevrolet,Modelo E,2021,Verde,43996,Gasolina,Automática,49449.33,Nuevo
V0187,BMW,Modelo D,2003,Negro,151394,Diésel,Automática,6874.04,Usado
V0188,Honda,Modelo C,2011,Negro,26282,Gasolina,Manual,47563.33,Usado
V0189,Honda,Modelo D,2010,Blanco,19558,Híbrido,Automática,42718.64,Usado
V0190,Toyota,Modelo C,2011,Negro,71013,Híbrido,Manual,6011.57,Usado
V0191,Honda,Modelo B,2014,Verde,149720,Eléctrico,Manual,11152.97,Usado
V0192,Toyota,Modelo D,2019,Blanco,86277,Gasolina,Automática,33306.36,Usado
V0193,BMW,Modelo A,2011,Verde,100238,Híbrido,Manual,20785.93,Nuevo
V0194,Chevrolet,Modelo B,2016,Verde,161464,Gasolina,Manual,20361.18,Usado
V0195,Honda,Modelo B,2003,Azul,152802,Gasolina,Automática,36341.21,Nuevo
V0196,BMW,Modelo B,2020,Negro,169355,Diésel,Manual,49764,Nuevo
V0197,Toyota,Modelo C,2017,Azul,34034,Diésel,Automática,19972.05,Usado
V0198,Chevrolet,Modelo E,2016,Azul,160332,Eléctrico,Automática,46536.97,Usado
V0199,Honda,Modelo E,2010,Verde,146618,Gasolina,Manual,37779.88,Nuevo
V0200,Honda,Modelo B,2009,Negro,68539,Híbrido,Automática,43114.52,Nuevo
V0201,Ford,Modelo E,2003,Verde,6592,Híbrido,Manual,27897.71,Usado
V0202,Honda,Modelo A,2019,Rojo,47037,Gasolina,Automática,28998.04,Usado
V0203,BMW,Modelo E,2015,Verde,165730,Eléctrico,Automática,29590.92,Usado
V0204,Honda,Modelo C,2004,Verde,122873,Híbrido,Manual,30431.26,Usado
V0205,Honda,Modelo B,2006,Negro,25152,Diésel,Manual,11499.85,Nuevo
V0206,Ford,Modelo D,2021,Verde,122937,Diésel,Automática,14317.04,Nuevo
V0207,Ford,Modelo A,2007,Verde,169855,Diésel,Manual,11917.61,Nuevo
V0208,Ford,Modelo D,2017,Azul,8836,Gasolina,Manual,13593.71,Nuevo
V0209,Honda,Modelo B,2021,Verde,52580,Diésel,Manual,34923.54,Usado
V0210,Chevrolet,Modelo B,2012,Negro,64901,Eléctrico,Automática,14292.51,Usado
V0211,Chevrolet,Modelo D,2006,Azul,164574,Diésel,Automática,44527.75,Nuevo
V0212,BMW,Modelo B,2011,Blanco,93435,Gasolina,Automática,10376.25,Usado
V0213,Honda,Modelo B,2011,Blanco,126002,Gasolina,Manual,49493.31,Nuevo
V0214,Ford,Modelo B,2022,Verde,30079,Gasolina,Automática,5064.45,Usado
V0215,Chevrolet,Modelo E,2014,Azul,68778,Gasolina,Automática,42974.35,Nuevo
V0216,Honda,Modelo E,2011,Rojo,138672,Diésel,Automática,5089.58,Usado
V0217,Ford,Modelo C,2006,Blanco,197421,Híbrido,Manual,40346.08,Nuevo
V0218,BMW,Modelo D,2013,Azul,114959,Diésel,Manual,37744.47,Usado
V0219,Chevrolet,Modelo A,2013,Blanco,100581,Eléctrico,Manual,36254.34,Usado
V0220,Chevrolet,Modelo D,2017,Azul,182505,Gasolina,Manual,20789.75,Usado
V0221,Toyota,Modelo D,2008,Verde,54389,Diésel,Automática,33218.96,Nuevo
V0222,Ford,Modelo C,2004,Azul,30428,Diésel,Automática,31973.25,Usado
V0223,Toyota,Modelo E,2018,Azul,157275,Gasolina,Manual,38279.19,Nuevo
V0224,BMW,Modelo A,2016,Negro,44539,Diésel,Automática,36950.47,Nuevo
V0225,Toyota,Modelo A,2002,Verde,187885,Diésel,Automática,16170.44,Nuevo
V0226,Honda,Modelo C,2008,Rojo,101559,Gasolina,Manual,36931.57,Nuevo
V0227,Chevrolet,Modelo B,2011,Blanco,166781,Eléctrico,Automática,19061.07,Usado
V0228,Toyota,Modelo D,2015,Azul,49825,Híbrido,Automática,22347.53,Usado
V0229,Toyota,Modelo D,2019,Azul,14603,Eléctrico,Manual,17949.81,Usado
V0230,Ford,Modelo A,2015,Verde,24539,Eléctrico,Automática,38264.06,Usado
V0231,Ford,Modelo D,2013,Negro,99597,Eléctrico,Automática,42560.25,Usado
V0232,Toyota,Modelo A,2014,Blanco,137607,Híbrido,Automática,16189.24,Usado
V0233,Honda,Modelo E,2014,Rojo,48536,Eléctrico,Manual,28133.94,Nuevo
V0234,Toyota,Modelo E,2018,Azul,144483,Diésel,Automática,36752.96,Nuevo
V0235,Honda,Modelo A,2014,Negro,24146,Híbrido,Manual,42104.09,Nuevo
V0236,Toyota,Modelo C,2013,Blanco,182638,Diésel,Automática,37726.52,Nuevo
V0237,BMW,Modelo D,2001,Blanco,157992,Diésel,Manual,9463.25,Nuevo
V0238,BMW,Modelo A,2004,Rojo,34487,Eléctrico,Automática,35784.01,Usado
V0239,Toyota,Modelo C,2020,Verde,129601,Diésel,Manual,45743.01,Usado
V0240,Ford,Modelo E,2010,Blanco,189674,Eléctrico,Automática,24889.14,Nuevo
V0241,Honda,Modelo D,2020,Blanco,46363,Diésel,Manual,38417.35,Usado
V0242,BMW,Modelo D,2018,Rojo,76687,Diésel,Automática,48286.64,Usado
V0243,Honda,Modelo E,2004,Azul,80169,Gasolina,Automática,36228.44,Nuevo
V0244,Chevrolet,Modelo B,2008,Verde,114637,Diésel,Manual,18037.7,Usado
V0245,Ford,Modelo A,2009,Rojo,26118,Eléctrico,Manual,25343.37,Usado
V0246,Ford,Modelo C,2014,Azul,27872,Gasolina,Manual,26091.81,Usado
V0247,Chevrolet,Modelo C,2013,Rojo,181724,Gasolina,Automática,43207.03,Nuevo
V0248,Ford,Modelo B,2012,Rojo,7992,Híbrido,Manual,48572.21,Nuevo
V0249,BMW,Modelo C,2014,Rojo,110772,Híbrido,Automática,31694,Usado
V0250,Chevrolet,Modelo C,2008,Negro,79182,Diésel,Automática,8461.5,Nuevo
V0251,BMW,Modelo D,2013,Rojo,27014,Eléctrico,Automática,47729.76,Nuevo
V0252,BMW,Modelo A,2009,Azul,135713,Gasolina,Manual,49731.02,Nuevo
V0253,Chevrolet,Modelo D,2014,Azul,383,Diésel,Automática,22800.98,Usado
V0254,Honda,Modelo E,2012,Blanco,177914,Híbrido,Automática,42163.05,Nuevo
V0255,Honda,Modelo D,2005,Negro,116606,Diésel,Automática,24524.54,Nuevo
V0256,Ford,Modelo B,2013,Azul,161838,Gasolina,Manual,36295.82,Usado
V0257,Chevrolet,Modelo A,2011,Negro,25114,Híbrido,Automática,6884.23,Nuevo
V0258,BMW,Modelo B,2012,Blanco,5171,Eléctrico,Manual,45080.92,Usado
V0259,Honda,Modelo A,2009,Negro,132256,Diésel,Manual,7015.65,Nuevo
V0260,Honda,Modelo A,2017,Azul,147132,Diésel,Automática,14903.2,Usado
V0261,Ford,Modelo A,2008,Verde,165678,Diésel,Manual,30548.73,Nuevo
V0262,Ford,Modelo C,2015,Negro,52319,Eléctrico,Manual,44719.03,Usado
V0263,Ford,Modelo D,2022,Negro,4743,Eléctrico,Automática,17262.18,Usado
V0264,Ford,Modelo C,2000,Verde,148263,Diésel,Manual,9019.42,Nuevo
V0265,Chevrolet,Modelo C,2012,Rojo,154817,Diésel,Manual,41431.07,Nuevo
V0266,Toyota,Modelo D,2016,Verde,34405,Eléctrico,Automática,21168.39,Nuevo
V0267,Honda,Modelo B,2018,Rojo,88731,Diésel,Automática,38462.54,Nuevo
V0268,Ford,Modelo A,2019,Verde,42918,Diésel,Manual,13657.3,Nuevo
V0269,BMW,Modelo B,2012,Negro,108077,Eléctrico,Manual,15478.87,Nuevo
V0270,Honda,Modelo B,2018,Rojo,152215,Gasolina,Automática,20932.97,Nuevo
V0271,Ford,Modelo E,2017,Rojo,61708,Gasolina,Automática,40309.55,Usado
V0272,Ford,Modelo C,2011,Verde,33417,Diésel,Automática,47226.04,Nuevo
V0273,Chevrolet,Modelo A,2015,Negro,133277,Eléctrico,Automática,40424.46,Nuevo
V0274,Toyota,Modelo D,2021,Negro,116893,Diésel,Manual,5349.47,Nuevo
V0275,Toyota,Modelo B,2022,Negro,75789,Híbrido,Automática,41380.56,Nuevo
V0276,Chevrolet,Modelo E,2017,Rojo,115287,Diésel,Manual,33639.28,Usado
V0277,BMW,Modelo E,2012,Rojo,124696,Diésel,Manual,40934.13,Usado
V0278,Toyota,Modelo B,2008,Rojo,189065,Gasolina,Manual,30754.26,Usado
V0279,BMW,Modelo B,2007,Negro,162884,Híbrido,Manual,6289.1,Usado
V0280,Honda,Modelo E,2011,Blanco,50616,Híbrido,Automática,41140.27,Nuevo
V0281,Honda,Modelo C,2007,Blanco,5835,Gasolina,Manual,8436.24,Nuevo
V0282,Toyota,Modelo E,2003,Rojo,194902,Diésel,Manual,20671.24,Usado
V0283,Toyota,Modelo E,2020,Rojo,104636,Eléctrico,Manual,29326.69,Usado
V0284,Honda,Modelo E,2009,Negro,89752,Gasolina,Manual,17864.37,Nuevo
V0285,Honda,Modelo C,2022,Negro,5733,Eléctrico,Automática,39187.35,Usado
V0286,Toyota,Modelo C,2009,Blanco,20584,Eléctrico,Manual,48835.94,Usado
V0287,Honda,Modelo C,2022,Blanco,139752,Híbrido,Manual,25816.06,Usado
V0288,Toyota,Modelo D,2020,Verde,127541,Híbrido,Manual,47874.37,Nuevo
V0289,Chevrolet,Modelo D,2011,Negro,3938,Eléctrico,Manual,46266.48,Nuevo
V0290,Ford,Modelo D,2017,Azul,136110,Diésel,Manual,41822.15,Usado
V0291,Toyota,Modelo D,2018,Verde,72698,Híbrido,Automática,37708.45,Usado
V0292,BMW,Modelo A,2016,Negro,64141,Gasolina,Automática,5901.19,Usado
V0293,Toyota,Modelo A,2000,Azul,132620,Eléctrico,Manual,45572.58,Nuevo
V0294,Honda,Modelo A,2007,Azul,160969,Diésel,Automática,30766.52,Usado
V0295,BMW,Modelo B,2022,Rojo,141742,Diésel,Manual,10920.49,Usado
V0296,BMW,Modelo A,2018,Rojo,106781,Diésel,Automática,36112.94,Usado
V0297,Ford,Modelo B,2011,Azul,55564,Eléctrico,Manual,17235.03,Usado
V0298,Toyota,Modelo E,2012,Azul,128695,Eléctrico,Manual,36128.37,Nuevo
V0299,Chevrolet,Modelo A,2013,Verde,124962,Híbrido,Manual,8619.28,Nuevo
V0300,BMW,Modelo C,2008,Azul,130106,Diésel,Manual,48877.41,Nuevo
V0301,BMW,Modelo D,2008,Rojo,28348,Híbrido,Manual,7993.73,Usado
V0302,Chevrolet,Modelo B,2018,Rojo,84625,Gasolina,Manual,44047.01,Usado
V0303,BMW,Modelo E,2017,Rojo,159915,Diésel,Manual,19215.16,Nuevo
V0304,Honda,Modelo A,2010,Blanco,91888,Híbrido,Manual,18189.3,Nuevo
V0305,Chevrolet,Modelo D,2012,Verde,124937,Eléctrico,Manual,22774.15,Usado
V0306,Honda,Modelo C,2002,Verde,117175,Híbrido,Automática,39765.18,Usado
V0307,Toyota,Modelo E,2011,Verde,187129,Híbrido,Automática,13989.3,Usado
V0308,Toyota,Modelo C,2006,Blanco,123901,Híbrido,Automática,25118.71,Nuevo
V0309,Toyota,Modelo A,2014,Verde,161424,Gasolina,Automática,26996.08,Usado
V0310,Honda,Modelo B,2014,Blanco,55766,Gasolina,Manual,45838.54,Usado
V0311,BMW,Modelo E,2022,Blanco,172756,Gasolina,Automática,29968.25,Nuevo
V0312,BMW,Modelo A,2018,Azul,26712,Diésel,Manual,33739.41,Nuevo
V0313,Chevrolet,Modelo A,2011,Blanco,143867,Gasolina,Automática,45233.67,Nuevo
V0314,Chevrolet,Modelo B,2001,Negro,173882,Gasolina,Automática,20000.94,Usado
V0315,BMW,Modelo B,2014,Negro,118740,Eléctrico,Manual,8251.15,Usado
V0316,Ford,Modelo A,2005,Verde,27861,Diésel,Automática,40483.02,Nuevo
V0317,Honda,Modelo B,2006,Negro,164644,Gasolina,Automática,39143.09,Usado
V0318,Honda,Modelo E,2015,Azul,113932,Híbrido,Manual,19593.73,Usado
V0319,Honda,Modelo B,2012,Negro,117762,Híbrido,Automática,47657.97,Nuevo
V0320,Ford,Modelo E,2009,Blanco,184058,Gasolina,Automática,42515.86,Usado
V0321,Chevrolet,Modelo A,2003,Negro,67118,Eléctrico,Automática,5126.31,Usado
V0322,Chevrolet,Modelo D,2009,Rojo,38739,Eléctrico,Automática,9755.11,Usado
V0323,Honda,Modelo A,2020,Azul,104697,Híbrido,Manual,25904.37,Nuevo
V0324,Chevrolet,Modelo A,2002,Verde,11298,Gasolina,Automática,45963.33,Nuevo
V0325,Honda,Modelo A,2001,Rojo,46175,Gasolina,Automática,12931.49,Usado
V0326,BMW,Modelo E,2006,Azul,109763,Gasolina,Automática,35102.83,Nuevo
V0327,BMW,Modelo D,2014,Azul,153243,Gasolina,Automática,44060.65,Usado
V0328,Chevrolet,Modelo B,2016,Azul,34864,Híbrido,Automática,46844.07,Nuevo
V0329,Ford,Modelo C,2018,Negro,81390,Diésel,Automática,34522.84,Usado
V0330,Chevrolet,Modelo E,2013,Negro,197334,Híbrido,Automática,20877.91,Usado
V0331,Toyota,Modelo A,2022,Rojo,24451,Híbrido,Automática,21372.02,Usado
V0332,Honda,Modelo A,2014,Rojo,40700,Gasolina,Automática,39301.16,Nuevo
V0333,Toyota,Modelo C,2003,Blanco,172043,Diésel,Manual,44187.68,Nuevo
V0334,Chevrolet,Modelo B,2005,Blanco,100976,Híbrido,Manual,48284.12,Nuevo
V0335,BMW,Modelo D,2013,Blanco,120536,Híbrido,Automática,39165.84,Nuevo
V0336,Honda,Modelo A,2010,Azul,153756,Diésel,Automática,30145.7,Usado
V0337,Chevrolet,Modelo C,2018,Verde,47400,Gasolina,Automática,46087.94,Usado
V0338,Ford,Modelo A,2022,Blanco,79049,Gasolina,Manual,47425.46,Usado
V0339,Chevrolet,Modelo C,2006,Rojo,146178,Eléctrico,Automática,26041.96,Nuevo
V0340,Ford,Modelo B,2010,Verde,67022,Diésel,Manual,47677.17,Nuevo
V0341,BMW,Modelo C,2011,Blanco,145979,Híbrido,Automática,32145.77,Usado
V0342,Ford,Modelo A,2001,Negro,60404,Diésel,Automática,23406.04,Nuevo
V0343,Toyota,Modelo E,2009,Blanco,95945,Gasolina,Automática,44727.15,Nuevo
V0344,Toyota,Modelo B,2016,Blanco,108909,Gasolina,Manual,23885.87,Nuevo
V0345,Toyota,Modelo C,2015,Azul,61704,Híbrido,Manual,21215.86,Usado
V0346,Toyota,Modelo E,2017,Azul,89381,Híbrido,Manual,41842.25,Nuevo
V0347,Toyota,Modelo D,2019,Blanco,22754,Gasolina,Automática,48878.12,Usado
V0348,Ford,Modelo D,2019,Azul,44012,Gasolina,Automática,34831.3,Usado
V0349,Toyota,Modelo C,2001,Negro,31478,Eléctrico,Automática,19568.49,Nuevo
V0350,Honda,Modelo B,2019,Verde,40038,Gasolina,Automática,42604.63,Nuevo
V0351,Ford,Modelo A,2004,Verde,59227,Eléctrico,Automática,46125.38,Usado
V0352,BMW,Modelo D,2003,Azul,158448,Gasolina,Manual,11707.87,Usado
V0353,Ford,Modelo E,2009,Blanco,48058,Híbrido,Manual,18924,Nuevo
V0354,Chevrolet,Modelo E,2009,Negro,81841,Gasolina,Manual,32768.81,Usado
V0355,BMW,Modelo E,2013,Negro,172277,Diésel,Manual,19966.87,Nuevo
V0356,Toyota,Modelo D,2021,Rojo,65315,Gasolina,Automática,32812.83,Nuevo
V0357,Toyota,Modelo C,2006,Azul,38218,Híbrido,Automática,42224.88,Usado
V0358,Chevrolet,Modelo D,2010,Rojo,90770,Diésel,Manual,11232.31,Nuevo
V0359,Toyota,Modelo B,2011,Azul,113924,Híbrido,Automática,33088.49,Usado
V0360,BMW,Modelo B,2005,Rojo,90929,Diésel,Automática,34851.98,Usado
V0361,BMW,Modelo C,2005,Blanco,82910,Gasolina,Automática,44321.06,Usado
V0362,BMW,Modelo E,2008,Azul,169360,Híbrido,Manual,37080.84,Usado
V0363,Ford,Modelo D,2020,Verde,131176,Híbrido,Manual,40504.77,Nuevo
V0364,Ford,Modelo C,2015,Azul,166973,Eléctrico,Manual,12448.4,Usado
V0365,BMW,Modelo A,2014,Verde,13585,Diésel,Automática,10961.02,Usado
V0366,Ford,Modelo B,2021,Rojo,92870,Gasolina,Automática,45702.79,Usado
V0367,Ford,Modelo A,2000,Rojo,118365,Híbrido,Manual,12447.84,Nuevo
V0368,Honda,Modelo A,2003,Blanco,133698,Eléctrico,Manual,21666.2,Usado
V0369,Ford,Modelo D,2001,Verde,82123,Híbrido,Automática,40557.53,Usado
V0370,Honda,Modelo C,2014,Blanco,114682,Híbrido,Manual,7719.75,Usado
V0371,Honda,Modelo A,2006,Negro,179246,Diésel,Automática,28401.07,Nuevo
V0372,Ford,Modelo A,2022,Verde,143528,Diésel,Manual,29565.65,Usado
V0373,Ford,Modelo E,2003,Azul,67281,Diésel,Manual,5183.09,Nuevo
V0374,Ford,Modelo E,2004,Verde,13479,Diésel,Automática,22691.55,Nuevo
V0375,Toyota,Modelo A,2005,Rojo,10751,Eléctrico,Manual,45822.63,Usado
V0376,Honda,Modelo D,2008,Blanco,115465,Eléctrico,Automática,24180.97,Nuevo
V0377,Toyota,Modelo A,2018,Negro,135531,Gasolina,Manual,46106.59,Usado
V0378,BMW,Modelo B,2009,Blanco,175386,Diésel,Manual,19208.63,Usado
V0379,Ford,Modelo C,2003,Negro,95161,Diésel,Automática,27739.97,Nuevo
V0380,BMW,Modelo D,2002,Rojo,129988,Diésel,Manual,42936.62,Usado
V0381,Toyota,Modelo E,2009,Blanco,113258,Diésel,Automática,49165.26,Nuevo
V0382,Honda,Modelo C,2013,Azul,113447,Diésel,Automática,39163.61,Nuevo
V0383,Chevrolet,Modelo B,2017,Azul,160595,Diésel,Automática,20464.02,Nuevo
V0384,Ford,Modelo D,2017,Blanco,91583,Eléctrico,Manual,19127.01,Nuevo
V0385,BMW,Modelo D,2010,Blanco,34164,Diésel,Automática,7568.33,Nuevo
V0386,BMW,Modelo D,2008,Negro,145031,Híbrido,Automática,14131.47,Usado
V0387,BMW,Modelo E,2013,Blanco,68127,Híbrido,Manual,39187.87,Nuevo
V0388,Toyota,Modelo C,2010,Negro,105568,Eléctrico,Manual,23667.52,Usado
V0389,Toyota,Modelo B,2006,Blanco,186564,Híbrido,Manual,12044.32,Usado
V0390,Chevrolet,Modelo A,2010,Blanco,111604,Gasolina,Manual,18391.32,Usado
V0391,Toyota,Modelo A,2003,Verde,30875,Eléctrico,Manual,31496.06,Usado
V0392,Honda,Modelo A,2015,Negro,152728,Gasolina,Automática,48046.26,Usado
V0393,Honda,Modelo C,2018,Rojo,101175,Híbrido,Manual,48174.25,Usado
V0394,BMW,Modelo D,2002,Azul,197256,Gasolina,Manual,10131.7,Usado
V0395,Ford,Modelo B,2004,Negro,90668,Híbrido,Manual,15632.11,Nuevo
V0396,BMW,Modelo E,2010,Blanco,136922,Eléctrico,Automática,31951.14,Usado
V0397,Honda,Modelo D,2007,Azul,40091,Eléctrico,Automática,46042.54,Usado
V0398,Honda,Modelo E,2018,Blanco,108770,Diésel,Manual,49167.19,Nuevo
V0399,Honda,Modelo D,2012,Rojo,12015,Híbrido,Automática,37720.46,Nuevo
V0400,BMW,Modelo A,2020,Negro,194056,Diésel,Manual,23523.72,Usado
V0401,Chevrolet,Modelo D,2020,Negro,111272,Gasolina,Automática,44275.88,Usado
V0402,Ford,Modelo A,2011,Blanco,121464,Híbrido,Automática,23869.95,Nuevo
V0403,Chevrolet,Modelo A,2012,Blanco,138733,Híbrido,Manual,35008.11,Nuevo
V0404,Chevrolet,Modelo B,2017,Negro,114976,Gasolina,Automática,27033.27,Nuevo
V0405,Ford,Modelo B,2005,Blanco,75200,Híbrido,Automática,40076.16,Usado
V0406,Honda,Modelo E,2019,Negro,36847,Eléctrico,Automática,38101.34,Nuevo
V0407,Honda,Modelo E,2007,Verde,185041,Gasolina,Manual,22581.25,Nuevo
V0408,BMW,Modelo C,2004,Rojo,136908,Diésel,Manual,9536.6,Nuevo
V0409,BMW,Modelo C,2010,Negro,153104,Eléctrico,Manual,47829.52,Nuevo
V0410,Chevrolet,Modelo E,2018,Rojo,102517,Híbrido,Automática,46337.44,Usado
V0411,Ford,Modelo B,2000,Rojo,77560,Diésel,Automática,13184.49,Nuevo
V0412,Ford,Modelo A,2011,Verde,69963,Eléctrico,Automática,14148.56,Nuevo
V0413,Toyota,Modelo C,2009,Negro,162383,Híbrido,Automática,40447.18,Usado
V0414,Toyota,Modelo B,2018,Blanco,103644,Híbrido,Manual,40404.4,Usado
V0415,Chevrolet,Modelo A,2013,Blanco,157235,Híbrido,Manual,48447.07,Usado
V0416,BMW,Modelo C,2018,Negro,190318,Gasolina,Automática,49892.01,Nuevo
V0417,Honda,Modelo B,2012,Negro,21212,Gasolina,Manual,27426.22,Nuevo
V0418,Honda,Modelo E,2009,Rojo,78908,Híbrido,Automática,48216.49,Usado
V0419,Chevrolet,Modelo B,2022,Rojo,11794,Híbrido,Manual,41718.97,Usado
V0420,Ford,Modelo C,2008,Azul,185497,Diésel,Manual,39036.72,Usado
V0421,Toyota,Modelo A,2001,Rojo,78745,Híbrido,Manual,21467.87,Usado
V0422,BMW,Modelo C,2017,Negro,186116,Gasolina,Manual,43267.35,Usado
V0423,Ford,Modelo D,2017,Azul,173962,Híbrido,Automática,46360,Usado
V0424,BMW,Modelo E,2015,Rojo,100449,Híbrido,Manual,38030.13,Nuevo
V0425,BMW,Modelo D,2016,Blanco,191574,Eléctrico,Manual,34091.92,Usado
V0426,Chevrolet,Modelo C,2017,Rojo,102625,Diésel,Automática,33817.97,Nuevo
V0427,Toyota,Modelo C,2007,Rojo,42659,Híbrido,Automática,12005.62,Nuevo
V0428,Toyota,Modelo B,2016,Rojo,46832,Diésel,Automática,14895.99,Nuevo
V0429,Honda,Modelo B,2022,Rojo,24890,Gasolina,Automática,15302.44,Usado
V0430,Ford,Modelo D,2005,Verde,73315,Gasolina,Manual,12320.4,Nuevo
V0431,Ford,Modelo B,2009,Negro,76264,Eléctrico,Manual,26509.98,Nuevo
V0432,Toyota,Modelo B,2014,Azul,11367,Híbrido,Manual,8011.39,Usado
V0433,BMW,Modelo D,2012,Negro,113054,Gasolina,Automática,17934.14,Usado
V0434,Honda,Modelo B,2021,Rojo,14731,Híbrido,Manual,41334.34,Nuevo
V0435,Honda,Modelo D,2022,Blanco,175112,Diésel,Manual,46617.89,Usado
V0436,BMW,Modelo A,2014,Azul,136218,Eléctrico,Manual,43943.8,Usado
V0437,Honda,Modelo D,2013,Negro,142440,Híbrido,Automática,19272.59,Nuevo
V0438,BMW,Modelo B,2001,Blanco,131167,Diésel,Automática,28818.64,Usado
V0439,Honda,Modelo E,2004,Rojo,18394,Diésel,Manual,47015.74,Usado
V0440,Toyota,Modelo E,2005,Blanco,33330,Diésel,Manual,30500.58,Nuevo
V0441,Honda,Modelo D,2012,Negro,1253,Híbrido,Manual,16485.32,Nuevo
V0442,Honda,Modelo E,2009,Azul,56339,Gasolina,Manual,35806.91,Nuevo
V0443,Ford,Modelo E,2012,Negro,108983,Híbrido,Manual,33487.51,Usado
V0444,Honda,Modelo B,2000,Blanco,119583,Híbrido,Automática,8675.3,Usado
V0445,BMW,Modelo A,2005,Blanco,157638,Híbrido,Automática,39657.41,Usado
V0446,Toyota,Modelo A,2022,Negro,164787,Eléctrico,Automática,9058.39,Nuevo
V0447,Honda,Modelo B,2009,Negro,98597,Eléctrico,Automática,33285.1,Usado
V0448,Toyota,Modelo A,2001,Negro,199307,Gasolina,Automática,36072.8,Nuevo
V0449,Toyota,Modelo D,2017,Blanco,3407,Gasolina,Manual,31694.23,Usado
V0450,Honda,Modelo A,2019,Verde,95148,Gasolina,Manual,21797.39,Nuevo
V0451,Ford,Modelo E,2001,Negro,48437,Gasolina,Manual,32258.67,Usado
V0452,Chevrolet,Modelo B,2010,Rojo,57476,Diésel,Automática,29866.6,Nuevo
V0453,Honda,Modelo C,2006,Blanco,13795,Diésel,Automática,31784.09,Usado
V0454,Chevrolet,Modelo E,2016,Verde,165777,Gasolina,Manual,41438.78,Nuevo
V0455,Honda,Modelo E,2007,Azul,86553,Diésel,Manual,42168.7,Nuevo
V0456,Toyota,Modelo D,2006,Verde,117686,Híbrido,Automática,39053.52,Nuevo
V0457,Honda,Modelo C,2011,Azul,60794,Diésel,Manual,26703.35,Usado
V0458,Chevrolet,Modelo D,2020,Verde,28236,Híbrido,Automática,20979.13,Usado
V0459,Toyota,Modelo B,2009,Blanco,42752,Gasolina,Automática,44522.69,Usado
V0460,Honda,Modelo C,2018,Rojo,20320,Diésel,Automática,44454.31,Nuevo
V0461,Ford,Modelo B,2019,Blanco,157638,Gasolina,Manual,41613.88,Usado
V0462,BMW,Modelo A,2010,Verde,186083,Eléctrico,Automática,44796.06,Usado
V0463,Honda,Modelo E,2006,Verde,171433,Híbrido,Automática,22786.69,Nuevo
V0464,Ford,Modelo A,2006,Azul,117096,Eléctrico,Automática,29050.43,Nuevo
V0465,Chevrolet,Modelo B,2002,Negro,132179,Híbrido,Automática,30645.09,Nuevo
V0466,Ford,Modelo D,2017,Blanco,15995,Gasolina,Automática,37306.66,Usado
V0467,BMW,Modelo E,2010,Azul,149603,Diésel,Manual,40196.97,Usado
V0468,Ford,Modelo E,2007,Verde,154973,Híbrido,Manual,30298.64,Nuevo
V0469,Honda,Modelo C,2008,Verde,17111,Gasolina,Manual,45622.89,Nuevo
V0470,Ford,Modelo A,2008,Negro,21273,Híbrido,Manual,15109.07,Usado
V0471,Honda,Modelo B,2004,Blanco,140500,Eléctrico,Manual,23390.52,Nuevo
V0472,Chevrolet,Modelo B,2002,Verde,139692,Híbrido,Manual,7578.15,Usado
V0473,BMW,Modelo B,2016,Rojo,42454,Eléctrico,Manual,49185.9,Nuevo
V0474,Ford,Modelo B,2011,Negro,113895,Gasolina,Automática,41059.62,Nuevo
V0475,BMW,Modelo D,2003,Negro,74034,Gasolina,Automática,10558.84,Nuevo
V0476,Ford,Modelo B,2000,Azul,191477,Gasolina,Manual,20027.17,Nuevo
V0477,BMW,Modelo D,2005,Azul,184975,Diésel,Manual,29044.25,Usado
V0478,Ford,Modelo D,2007,Azul,132607,Gasolina,Automática,18346.76,Nuevo
V0479,Chevrolet,Modelo C,2012,Verde,122571,Gasolina,Automática,10305.62,Nuevo
V0480,Chevrolet,Modelo C,2020,Negro,52506,Híbrido,Automática,31942.42,Usado
V0481,Honda,Modelo A,2011,Blanco,120602,Diésel,Automática,15063.62,Usado
V0482,Ford,Modelo B,2012,Rojo,157644,Híbrido,Automática,33481.07,Nuevo
V0483,Chevrolet,Modelo D,2018,Verde,51996,Diésel,Automática,36088.9,Nuevo
V0484,Chevrolet,Modelo C,2015,Verde,44928,Híbrido,Manual,41634.99,Nuevo
V0485,BMW,Modelo B,2021,Blanco,119109,Eléctrico,Automática,25096.25,Usado
V0486,Chevrolet,Modelo C,2012,Verde,14393,Eléctrico,Manual,36423.76,Usado
V0487,Chevrolet,Modelo C,2012,Blanco,55782,Gasolina,Manual,6581.84,Usado
V0488,Honda,Modelo A,2015,Blanco,70157,Eléctrico,Manual,33392.61,Nuevo
V0489,Toyota,Modelo D,2017,Negro,192278,Eléctrico,Automática,24554.84,Usado
V0490,BMW,Modelo D,2007,Verde,58107,Diésel,Manual,41408.21,Nuevo
V0491,Chevrolet,Modelo C,2015,Verde,136443,Híbrido,Automática,49455.03,Usado
V0492,Toyota,Modelo B,2001,Rojo,188376,Diésel,Manual,18159.39,Usado
V0493,Toyota,Modelo D,2005,Blanco,8794,Diésel,Manual,45249.97,Nuevo
V0494,Chevrolet,Modelo A,2000,Rojo,181822,Eléctrico,Manual,9769.57,Usado
V0495,Honda,Modelo D,2013,Rojo,39762,Diésel,Manual,25357.25,Nuevo
V0496,Ford,Modelo A,2008,Rojo,147244,Híbrido,Automática,36287.71,Usado
V0497,Honda,Modelo B,2020,Azul,112860,Eléctrico,Automática,43840.06,Usado
V0498,Chevrolet,Modelo C,2021,Negro,177731,Diésel,Manual,14954.58,Nuevo
V0499,BMW,Modelo B,2018,Blanco,171031,Eléctrico,Manual,27168.5,Usado
V0500,Ford,Modelo B,2016,Verde,174985,Diésel,Automática,48915.87,Usado
V0501,Ford,Modelo A,2013,Azul,177587,Eléctrico,Manual,38177.36,Nuevo
V0502,Chevrolet,Modelo B,2008,Azul,5637,Eléctrico,Automática,22730.31,Nuevo
V0503,Chevrolet,Modelo C,2006,Azul,135386,Híbrido,Automática,27389.66,Usado
V0504,BMW,Modelo D,2005,Verde,38433,Híbrido,Automática,46384.31,Nuevo
V0505,Honda,Modelo A,2003,Azul,161921,Diésel,Manual,26905.5,Usado
V0506,BMW,Modelo A,2008,Azul,35903,Diésel,Manual,7613.88,Nuevo
V0507,Chevrolet,Modelo B,2012,Verde,80573,Diésel,Automática,14211.38,Usado
V0508,BMW,Modelo B,2013,Negro,54767,Gasolina,Automática,5168.85,Usado
V0509,Chevrolet,Modelo B,2016,Azul,109915,Gasolina,Automática,26610.16,Usado
V0510,Ford,Modelo E,2018,Blanco,10986,Híbrido,Automática,48803.24,Usado
V0511,BMW,Modelo C,2010,Negro,28876,Híbrido,Manual,41111.23,Nuevo
V0512,Toyota,Modelo B,2008,Verde,115999,Diésel,Manual,6858.01,Usado
V0513,Ford,Modelo E,2022,Negro,109805,Diésel,Automática,46888.94,Usado
V0514,Toyota,Modelo A,2016,Negro,52699,Gasolina,Automática,10009.24,Nuevo
V0515,Chevrolet,Modelo C,2021,Rojo,44986,Híbrido,Manual,6034.88,Usado
V0516,Toyota,Modelo E,2018,Verde,50772,Diésel,Manual,14521.84,Usado
V0517,Honda,Modelo A,2010,Negro,185738,Diésel,Automática,27507.26,Usado
V0518,Chevrolet,Modelo D,2015,Verde,161865,Híbrido,Manual,8499.21,Nuevo
V0519,Toyota,Modelo D,2006,Azul,92101,Híbrido,Automática,40161,Nuevo
V0520,Chevrolet,Modelo C,2004,Verde,163981,Gasolina,Automática,5786.67,Nuevo
V0521,Honda,Modelo E,2015,Negro,118376,Eléctrico,Manual,14816.89,Usado
V0522,Toyota,Modelo E,2000,Verde,162641,Gasolina,Manual,31928.07,Nuevo
V0523,Toyota,Modelo A,2003,Rojo,33069,Híbrido,Automática,23475.86,Usado
V0524,Ford,Modelo D,2020,Rojo,145561,Híbrido,Manual,25718.7,Usado
V0525,Toyota,Modelo D,2015,Rojo,18880,Diésel,Automática,35149.4,Usado
V0526,Toyota,Modelo B,2015,Verde,16118,Diésel,Manual,21183.54,Nuevo
V0527,Chevrolet,Modelo E,2001,Negro,109262,Híbrido,Automática,15829.51,Nuevo
V0528,Honda,Modelo C,2018,Azul,189684,Eléctrico,Automática,46320.07,Nuevo
V0529,BMW,Modelo D,2008,Blanco,192270,Diésel,Manual,20533.46,Usado
V0530,Honda,Modelo C,2009,Azul,137431,Diésel,Manual,26510.94,Nuevo
V0531,Honda,Modelo C,2008,Rojo,162758,Gasolina,Automática,41898.15,Nuevo
V0532,Toyota,Modelo B,2007,Negro,57615,Gasolina,Automática,33476.07,Nuevo
V0533,BMW,Modelo D,2015,Verde,144901,Diésel,Manual,32919.15,Usado
V0534,BMW,Modelo C,2009,Verde,198375,Diésel,Manual,33746.8,Nuevo
V0535,Honda,Modelo D,2019,Negro,8903,Diésel,Automática,41466.75,Usado
V0536,Chevrolet,Modelo B,2022,Negro,6077,Diésel,Manual,28663.68,Usado
V0537,BMW,Modelo A,2003,Rojo,192288,Híbrido,Manual,8413.45,Usado
V0538,BMW,Modelo A,2014,Rojo,35357,Eléctrico,Manual,34948.09,Usado
V0539,Honda,Modelo A,2002,Negro,69535,Gasolina,Automática,12424.79,Nuevo
V0540,Ford,Modelo C,2011,Rojo,20943,Gasolina,Automática,42291.81,Nuevo
V0541,BMW,Modelo C,2020,Blanco,42699,Diésel,Manual,12044.42,Nuevo
V0542,Honda,Modelo C,2003,Verde,64491,Diésel,Automática,48040.17,Nuevo
V0543,Ford,Modelo D,2014,Rojo,44447,Híbrido,Manual,36965.83,Nuevo
V0544,Honda,Modelo E,2000,Rojo,146539,Diésel,Automática,16852.37,Nuevo
V0545,Honda,Modelo D,2002,Rojo,89558,Gasolina,Manual,14335.67,Usado
V0546,Chevrolet,Modelo A,2010,Negro,18164,Diésel,Manual,44521.55,Nuevo
V0547,Toyota,Modelo E,2005,Blanco,171491,Híbrido,Manual,15376.92,Nuevo
V0548,Ford,Modelo B,2004,Rojo,65214,Diésel,Manual,23533.76,Usado
V0549,Toyota,Modelo E,2018,Blanco,11795,Eléctrico,Automática,25714.32,Usado
V0550,Ford,Modelo B,2010,Blanco,72369,Híbrido,Automática,10596.56,Nuevo
V0551,Ford,Modelo C,2003,Negro,133312,Gasolina,Automática,38095.79,Usado
V0552,BMW,Modelo A,2007,Rojo,135659,Eléctrico,Automática,9845.21,Nuevo
V0553,Chevrolet,Modelo C,2003,Blanco,150913,Híbrido,Manual,43445.7,Nuevo
V0554,Chevrolet,Modelo D,2001,Rojo,53042,Diésel,Manual,28929.35,Usado
V0555,Honda,Modelo C,2020,Rojo,130620,Eléctrico,Manual,32750.83,Usado
V0556,Toyota,Modelo C,2005,Azul,10810,Eléctrico,Manual,42298.6,Usado
V0557,Honda,Modelo E,2003,Verde,28622,Gasolina,Automática,20131.47,Nuevo
V0558,Chevrolet,Modelo B,2014,Rojo,167796,Eléctrico,Automática,48431.49,Nuevo
V0559,Honda,Modelo A,2002,Negro,52921,Diésel,Manual,32531.08,Nuevo
V0560,Chevrolet,Modelo C,2017,Verde,50834,Híbrido,Automática,10590.93,Usado
V0561,Chevrolet,Modelo C,2014,Negro,117929,Diésel,Automática,17949.69,Usado
V0562,Ford,Modelo B,2010,Negro,198406,Híbrido,Automática,27331.74,Nuevo
V0563,Honda,Modelo D,2019,Negro,104676,Diésel,Automática,35813.55,Nuevo
V0564,Ford,Modelo D,2004,Azul,171,Diésel,Manual,14097.25,Usado
V0565,Honda,Modelo E,2004,Verde,42737,Gasolina,Manual,24213.39,Usado
V0566,Chevrolet,Modelo B,2006,Negro,168864,Diésel,Manual,9845.59,Nuevo
V0567,Chevrolet,Modelo C,2009,Azul,130891,Gasolina,Manual,13124.47,Usado
V0568,BMW,Modelo D,2009,Verde,121047,Híbrido,Automática,39115.28,Usado
V0569,Ford,Modelo D,2003,Negro,88699,Híbrido,Manual,32421.3,Nuevo
V0570,Toyota,Modelo A,2007,Negro,177944,Gasolina,Manual,25350.93,Nuevo
V0571,Honda,Modelo A,2012,Rojo,103474,Gasolina,Manual,5321.08,Usado
V0572,Toyota,Modelo E,2004,Verde,185736,Diésel,Manual,7975.81,Nuevo
V0573,BMW,Modelo D,2013,Blanco,110709,Híbrido,Automática,39360.52,Usado
V0574,Chevrolet,Modelo D,2012,Negro,116307,Gasolina,Automática,9222.72,Usado
V0575,Ford,Modelo B,2000,Negro,24834,Híbrido,Automática,39696.88,Nuevo
V0576,Toyota,Modelo A,2010,Negro,146930,Eléctrico,Automática,37587.57,Usado
V0577,Ford,Modelo A,2014,Rojo,32796,Eléctrico,Automática,28118.03,Usado
V0578,Chevrolet,Modelo D,2000,Rojo,173304,Híbrido,Manual,21149.68,Usado
V0579,Ford,Modelo E,2000,Rojo,81326,Diésel,Automática,45510.42,Usado
V0580,Ford,Modelo D,2000,Verde,68395,Eléctrico,Automática,12946.23,Usado
V0581,Honda,Modelo C,2020,Azul,57185,Eléctrico,Automática,43476.29,Usado
V0582,Toyota,Modelo A,2011,Verde,175988,Eléctrico,Automática,39356.41,Usado
V0583,BMW,Modelo A,2005,Azul,198669,Eléctrico,Manual,35048.07,Usado
V0584,Ford,Modelo B,2005,Blanco,154145,Gasolina,Manual,47406.66,Nuevo
V0585,Ford,Modelo E,2018,Verde,14090,Eléctrico,Automática,49825.73,Nuevo
V0586,BMW,Modelo B,2010,Negro,108403,Híbrido,Manual,40515.57,Usado
V0587,Toyota,Modelo A,2016,Blanco,49021,Diésel,Manual,15294.44,Usado
V0588,Chevrolet,Modelo E,2017,Negro,199501,Diésel,Automática,35823.37,Nuevo
V0589,Honda,Modelo D,2011,Azul,58739,Eléctrico,Automática,23017.26,Usado
V0590,BMW,Modelo D,2009,Rojo,67358,Eléctrico,Manual,10505.9,Usado
V0591,Ford,Modelo E,2009,Azul,49216,Eléctrico,Manual,43195.33,Nuevo
V0592,Chevrolet,Modelo C,2012,Verde,193735,Híbrido,Manual,20063.14,Usado
V0593,Honda,Modelo D,2000,Blanco,139902,Eléctrico,Automática,48400.34,Usado
V0594,BMW,Modelo B,2007,Blanco,120174,Eléctrico,Automática,41500.24,Usado
V0595,Ford,Modelo D,2022,Blanco,12127,Gasolina,Manual,41002.39,Nuevo
V0596,Toyota,Modelo D,2013,Azul,174472,Diésel,Automática,42211.38,Nuevo
V0597,BMW,Modelo C,2016,Verde,191811,Diésel,Manual,23365.87,Nuevo
V0598,Ford,Modelo D,2011,Rojo,161175,Gasolina,Automática,8699.38,Usado
V0599,Chevrolet,Modelo B,2020,Blanco,140820,Híbrido,Automática,49777.2,Nuevo
V0600,BMW,Modelo B,2015,Rojo,29382,Híbrido,Manual,48386.78,Usado
V0601,Honda,Modelo B,2012,Blanco,97276,Gasolina,Manual,26046.55,Nuevo
V0602,Toyota,Modelo A,2005,Blanco,184644,Híbrido,Manual,42281.98,Nuevo
V0603,BMW,Modelo D,2002,Azul,169130,Gasolina,Manual,26481.29,Usado
V0604,BMW,Modelo D,2012,Negro,115043,Diésel,Manual,46676.57,Nuevo
V0605,Toyota,Modelo E,2011,Blanco,164988,Híbrido,Manual,23002.72,Usado
V0606,Chevrolet,Modelo C,2015,Negro,173295,Híbrido,Manual,44539.42,Usado
V0607,Honda,Modelo A,2021,Azul,130326,Diésel,Automática,5582.67,Usado
V0608,Ford,Modelo D,2004,Blanco,39070,Eléctrico,Automática,20358.59,Usado
V0609,Chevrolet,Modelo B,2017,Verde,94539,Híbrido,Automática,32740.92,Nuevo
V0610,Ford,Modelo A,2012,Blanco,188212,Gasolina,Manual,43468.03,Nuevo
V0611,Honda,Modelo A,2012,Blanco,127842,Diésel,Manual,8990.81,Usado
V0612,Chevrolet,Modelo B,2016,Verde,67267,Diésel,Manual,8360.13,Usado
V0613,BMW,Modelo E,2002,Verde,116081,Eléctrico,Automática,40454.27,Nuevo
V0614,Chevrolet,Modelo D,2005,Blanco,131562,Híbrido,Automática,30474.98,Usado
V0615,Ford,Modelo C,2020,Rojo,101568,Eléctrico,Manual,10936.58,Usado
V0616,BMW,Modelo E,2002,Azul,91142,Diésel,Manual,26482.14,Usado
V0617,Toyota,Modelo C,2019,Rojo,185889,Gasolina,Manual,14208.49,Usado
V0618,Chevrolet,Modelo C,2021,Blanco,174078,Híbrido,Manual,38812.63,Nuevo
V0619,Chevrolet,Modelo D,2015,Negro,196893,Híbrido,Automática,41702.32,Nuevo
V0620,BMW,Modelo A,2006,Verde,113678,Eléctrico,Automática,24828.07,Usado
V0621,Chevrolet,Modelo B,2004,Verde,108340,Diésel,Manual,48553.49,Nuevo
V0622,BMW,Modelo C,2009,Negro,94806,Eléctrico,Automática,33592.75,Usado
V0623,Toyota,Modelo E,2015,Azul,129115,Gasolina,Automática,16684.52,Nuevo
V0624,Chevrolet,Modelo D,2000,Azul,50371,Diésel,Manual,7966.85,Nuevo
V0625,Ford,Modelo D,2010,Blanco,178175,Híbrido,Automática,36379.14,Usado
V0626,Chevrolet,Modelo E,2016,Blanco,22631,Gasolina,Manual,31550.07,Nuevo
V0627,BMW,Modelo C,2002,Verde,57774,Eléctrico,Automática,20442.35,Nuevo
V0628,BMW,Modelo C,2022,Negro,99671,Gasolina,Automática,38232.68,Nuevo
V0629,Ford,Modelo C,2017,Negro,110616,Gasolina,Manual,6743.1,Nuevo
V0630,Ford,Modelo E,2014,Rojo,134379,Eléctrico,Manual,43352.82,Usado
V0631,BMW,Modelo C,2005,Azul,29069,Gasolina,Automática,13579.58,Nuevo
V0632,BMW,Modelo E,2005,Azul,178592,Diésel,Automática,6490.68,Usado
V0633,Chevrolet,Modelo D,2002,Blanco,153632,Híbrido,Automática,45136.45,Nuevo
V0634,BMW,Modelo E,2003,Blanco,66802,Eléctrico,Automática,32806.78,Usado
V0635,Ford,Modelo B,2011,Azul,133961,Gasolina,Automática,10599.33,Nuevo
V0636,Chevrolet,Modelo A,2019,Rojo,21861,Gasolina,Manual,33241.74,Usado
V0637,BMW,Modelo A,2013,Blanco,77164,Eléctrico,Automática,45006.53,Nuevo
V0638,Toyota,Modelo B,2003,Blanco,80529,Gasolina,Manual,31327.44,Nuevo
V0639,Ford,Modelo E,2005,Rojo,114327,Diésel,Manual,38797.43,Nuevo
V0640,Toyota,Modelo A,2021,Verde,137507,Híbrido,Automática,45304.27,Usado
V0641,Chevrolet,Modelo B,2001,Azul,199033,Eléctrico,Automática,46224.91,Usado
V0642,Ford,Modelo C,2008,Negro,180003,Híbrido,Manual,11412.55,Usado
V0643,Chevrolet,Modelo B,2007,Negro,196258,Diésel,Manual,38961.54,Usado
V0644,Honda,Modelo A,2007,Negro,100436,Diésel,Automática,43620.19,Usado
V0645,Ford,Modelo E,2001,Negro,197061,Híbrido,Manual,49239.68,Usado
V0646,Chevrolet,Modelo E,2009,Negro,187156,Diésel,Automática,43879.04,Nuevo
V0647,Toyota,Modelo E,2015,Verde,3846,Eléctrico,Manual,35731.25,Nuevo
V0648,Chevrolet,Modelo A,2013,Azul,86920,Eléctrico,Automática,17357.49,Usado
V0649,BMW,Modelo C,2000,Blanco,78653,Diésel,Automática,19015.24,Nuevo
V0650,BMW,Modelo E,2004,Negro,115436,Eléctrico,Manual,40557.89,Nuevo
V0651,Toyota,Modelo D,2022,Rojo,97881,Diésel,Automática,23646.61,Usado
V0652,Chevrolet,Modelo C,2000,Negro,20551,Diésel,Automática,43241.05,Usado
V0653,Ford,Modelo B,2011,Verde,130505,Gasolina,Manual,26190.01,Usado
V0654,Toyota,Modelo D,2019,Azul,51578,Híbrido,Automática,34957.16,Nuevo
V0655,Chevrolet,Modelo C,2003,Rojo,133894,Híbrido,Manual,48002.21,Nuevo
V0656,Honda,Modelo A,2004,Negro,77253,Diésel,Automática,14552.91,Usado
V0657,BMW,Modelo D,2015,Verde,99236,Eléctrico,Automática,17982.26,Nuevo
V0658,Toyota,Modelo C,2017,Negro,172701,Diésel,Automática,25245.9,Usado
V0659,Chevrolet,Modelo C,2010,Negro,110695,Diésel,Automática,40372.98,Usado
V0660,Honda,Modelo C,2016,Rojo,196143,Gasolina,Automática,41903.07,Usado
V0661,BMW,Modelo C,2020,Verde,124310,Híbrido,Manual,41836.94,Usado
V0662,Honda,Modelo E,2006,Azul,63623,Diésel,Automática,19751.51,Nuevo
V0663,Toyota,Modelo D,2002,Verde,52792,Diésel,Manual,8985.36,Usado
V0664,Chevrolet,Modelo C,2017,Azul,69725,Gasolina,Manual,11692.61,Usado
V0665,Honda,Modelo B,2018,Azul,176340,Gasolina,Manual,11994.91,Nuevo
V0666,Honda,Modelo C,2001,Azul,14994,Híbrido,Manual,35199.04,Nuevo
V0667,Honda,Modelo E,2000,Azul,62870,Eléctrico,Manual,30123.21,Nuevo
V0668,Ford,Modelo D,2001,Verde,67029,Híbrido,Automática,13145.75,Nuevo
V0669,Honda,Modelo D,2006,Rojo,136750,Diésel,Automática,25286.9,Nuevo
V0670,Chevrolet,Modelo C,2004,Azul,112935,Diésel,Manual,27879.1,Nuevo
V0671,Chevrolet,Modelo C,2004,Blanco,100920,Gasolina,Manual,40007.52,Usado
V0672,Chevrolet,Modelo B,2015,Azul,116284,Eléctrico,Automática,31215.6,Nuevo
V0673,BMW,Modelo D,2021,Blanco,17407,Diésel,Automática,21972.97,Nuevo
V0674,Honda,Modelo D,2019,Negro,177616,Híbrido,Automática,47722.98,Nuevo
V0675,Toyota,Modelo D,2006,Azul,193421,Híbrido,Manual,27616.12,Nuevo
V0676,BMW,Modelo A,2010,Blanco,94748,Diésel,Automática,43769.84,Usado
V0677,Ford,Modelo D,2016,Azul,76347,Gasolina,Manual,24875.23,Nuevo
V0678,Chevrolet,Modelo D,2002,Verde,131085,Gasolina,Manual,5673.31,Nuevo
V0679,Ford,Modelo B,2014,Rojo,75169,Gasolina,Automática,32095.99,Nuevo
V0680,BMW,Modelo B,2014,Negro,101018,Diésel,Automática,41109.16,Usado
V0681,Ford,Modelo E,2014,Rojo,51277,Diésel,Manual,17773.15,Nuevo
V0682,BMW,Modelo B,2000,Rojo,195513,Eléctrico,Automática,36785.53,Usado
V0683,Ford,Modelo D,2007,Verde,89674,Gasolina,Manual,25855.75,Usado
V0684,Chevrolet,Modelo D,2001,Blanco,93690,Gasolina,Automática,20931.42,Nuevo
V0685,Honda,Modelo D,2004,Negro,84567,Híbrido,Automática,7705.57,Nuevo
V0686,Chevrolet,Modelo B,2008,Rojo,75989,Gasolina,Automática,21004.86,Usado
V0687,Chevrolet,Modelo C,2015,Azul,18011,Diésel,Automática,41394.53,Nuevo
V0688,Chevrolet,Modelo A,2000,Blanco,164407,Eléctrico,Automática,40810.31,Nuevo
V0689,Honda,Modelo E,2003,Negro,125436,Eléctrico,Automática,42903.43,Nuevo
V0690,Chevrolet,Modelo C,2015,Rojo,116821,Gasolina,Automática,40950.71,Nuevo
V0691,BMW,Modelo A,2020,Rojo,163551,Diésel,Manual,39501.72,Nuevo
V0692,Ford,Modelo B,2010,Blanco,149990,Gasolina,Automática,42511.53,Usado
V0693,Honda,Modelo E,2022,Azul,12754,Gasolina,Manual,41883.41,Usado
V0694,Toyota,Modelo E,2001,Rojo,78427,Eléctrico,Automática,14944.22,Usado
V0695,BMW,Modelo B,2003,Verde,71421,Eléctrico,Automática,36826.59,Nuevo
V0696,Honda,Modelo C,2003,Verde,45530,Diésel,Manual,49840.23,Nuevo
V0697,Ford,Modelo A,2002,Blanco,13591,Híbrido,Manual,11529.76,Usado
V0698,Honda,Modelo D,2020,Negro,85191,Híbrido,Automática,38094.49,Nuevo
V0699,BMW,Modelo D,2004,Blanco,117645,Gasolina,Manual,46497.7,Nuevo
V0700,BMW,Modelo A,2010,Blanco,78612,Gasolina,Manual,34328.4,Usado
V0701,Toyota,Modelo D,2014,Negro,161738,Diésel,Manual,20390.34,Nuevo
V0702,Chevrolet,Modelo C,2020,Negro,53667,Gasolina,Manual,35245.18,Usado
V0703,Ford,Modelo B,2009,Negro,142021,Diésel,Automática,46749.76,Nuevo
V0704,BMW,Modelo D,2005,Azul,165270,Híbrido,Automática,47090.24,Usado
V0705,BMW,Modelo B,2019,Rojo,162465,Diésel,Automática,43982.8,Nuevo
V0706,Ford,Modelo D,2022,Blanco,97567,Diésel,Automática,30043.27,Nuevo
V0707,BMW,Modelo D,2005,Verde,162284,Eléctrico,Automática,30732.52,Nuevo
V0708,Toyota,Modelo E,2003,Negro,130846,Gasolina,Manual,48176.46,Nuevo
V0709,Toyota,Modelo D,2019,Negro,13485,Híbrido,Manual,34805.06,Usado
V0710,Chevrolet,Modelo E,2016,Negro,152706,Eléctrico,Automática,5910.07,Nuevo
V0711,Honda,Modelo A,2007,Rojo,199829,Híbrido,Automática,17465.98,Nuevo
V0712,Ford,Modelo D,2010,Verde,42770,Eléctrico,Automática,22572.81,Nuevo
V0713,Toyota,Modelo D,2012,Blanco,80208,Diésel,Manual,26905.7,Nuevo
V0714,Toyota,Modelo D,2004,Rojo,156259,Diésel,Automática,18665.05,Usado
V0715,Toyota,Modelo E,2016,Azul,53247,Gasolina,Manual,14649.14,Nuevo
V0716,Toyota,Modelo D,2012,Verde,53064,Híbrido,Manual,36976.54,Usado
V0717,Chevrolet,Modelo C,2015,Verde,138620,Diésel,Manual,12612.64,Usado
V0718,BMW,Modelo A,2010,Azul,122842,Híbrido,Manual,9099.16,Nuevo
V0719,Toyota,Modelo B,2011,Blanco,93065,Gasolina,Manual,23452.03,Usado
V0720,Chevrolet,Modelo B,2021,Verde,100383,Gasolina,Automática,41473.65,Usado
V0721,Honda,Modelo E,2014,Negro,9265,Gasolina,Manual,39212.22,Nuevo
V0722,BMW,Modelo A,2010,Blanco,199999,Gasolina,Automática,15637.67,Nuevo
V0723,Honda,Modelo A,2019,Rojo,154731,Gasolina,Manual,17010.3,Usado
V0724,BMW,Modelo B,2011,Azul,89903,Híbrido,Automática,49421.64,Usado
V0725,BMW,Modelo E,2006,Negro,19328,Diésel,Manual,8343.27,Usado
V0726,BMW,Modelo C,2007,Negro,49069,Eléctrico,Manual,8539.16,Nuevo
V0727,Chevrolet,Modelo A,2000,Negro,172924,Gasolina,Manual,9079.65,Nuevo
V0728,Ford,Modelo B,2019,Rojo,75574,Eléctrico,Manual,19569.9,Nuevo
V0729,Honda,Modelo C,2002,Negro,119516,Gasolina,Manual,39372.66,Usado
V0730,BMW,Modelo C,2000,Verde,199462,Eléctrico,Manual,45081.13,Usado
V0731,BMW,Modelo C,2000,Negro,38948,Eléctrico,Manual,46958.66,Nuevo
V0732,Toyota,Modelo D,2007,Blanco,97694,Gasolina,Automática,16358.31,Usado
V0733,Toyota,Modelo C,2018,Verde,117793,Diésel,Automática,25708.09,Usado
V0734,Chevrolet,Modelo C,2000,Negro,15465,Híbrido,Automática,9207.86,Usado
V0735,BMW,Modelo B,2002,Rojo,129654,Diésel,Manual,30030.5,Usado
V0736,Honda,Modelo E,2006,Negro,184702,Diésel,Automática,5294.3,Usado
V0737,Honda,Modelo D,2012,Rojo,25114,Híbrido,Manual,25683.51,Usado
V0738,Toyota,Modelo B,2000,Verde,67374,Diésel,Automática,49118.47,Usado
V0739,Toyota,Modelo B,2008,Verde,43026,Híbrido,Manual,11319.1,Nuevo
V0740,Ford,Modelo C,2003,Verde,84696,Eléctrico,Manual,14484.04,Nuevo
V0741,BMW,Modelo D,2013,Verde,131416,Gasolina,Manual,17494.01,Nuevo
V0742,BMW,Modelo E,2003,Rojo,138702,Gasolina,Automática,44005.49,Usado
V0743,Toyota,Modelo E,2006,Blanco,189660,Híbrido,Manual,45049.69,Usado
V0744,Toyota,Modelo B,2006,Rojo,115186,Diésel,Manual,47537.62,Nuevo
V0745,Toyota,Modelo D,2006,Rojo,27177,Híbrido,Manual,16178.3,Usado
V0746,Ford,Modelo B,2020,Negro,151850,Gasolina,Automática,25407.21,Usado
V0747,Ford,Modelo B,2002,Negro,127537,Gasolina,Automática,22190.31,Nuevo
V0748,Ford,Modelo E,2021,Rojo,67281,Gasolina,Automática,31813.6,Nuevo
V0749,BMW,Modelo E,2015,Azul,102903,Eléctrico,Manual,18318.11,Usado
V0750,Ford,Modelo B,2020,Blanco,172110,Gasolina,Manual,42305.71,Nuevo
V0751,BMW,Modelo E,2014,Verde,186233,Híbrido,Manual,45776.28,Usado
V0752,Toyota,Modelo E,2018,Verde,28758,Gasolina,Manual,45498.64,Nuevo
V0753,BMW,Modelo C,2016,Verde,4850,Diésel,Manual,16843.22,Nuevo
V0754,Honda,Modelo C,2011,Negro,156114,Eléctrico,Automática,26802.01,Nuevo
V0755,Chevrolet,Modelo A,2001,Negro,122879,Híbrido,Manual,29203.29,Usado
V0756,Toyota,Modelo A,2010,Blanco,70027,Eléctrico,Manual,48646.67,Nuevo
V0757,Honda,Modelo B,2005,Blanco,24856,Gasolina,Automática,24706.41,Usado
V0758,Chevrolet,Modelo B,2015,Rojo,10475,Híbrido,Automática,8142.14,Nuevo
V0759,Honda,Modelo B,2013,Negro,178694,Híbrido,Manual,33952.97,Usado
V0760,Chevrolet,Modelo B,2021,Verde,33980,Gasolina,Manual,12850.89,Usado
V0761,Chevrolet,Modelo E,2004,Rojo,152683,Eléctrico,Manual,21433.64,Nuevo
V0762,Ford,Modelo A,2000,Azul,124591,Gasolina,Automática,28313.39,Usado
V0763,Honda,Modelo B,2013,Azul,99980,Gasolina,Automática,48324.9,Nuevo
V0764,Honda,Modelo C,2012,Blanco,94509,Diésel,Automática,12184.57,Usado
V0765,Toyota,Modelo E,2006,Negro,57893,Eléctrico,Automática,43334.25,Nuevo
V0766,BMW,Modelo A,2017,Negro,121289,Diésel,Manual,5845.25,Nuevo
V0767,Honda,Modelo E,2017,Azul,194869,Diésel,Automática,7155.76,Usado
V0768,Honda,Modelo D,2003,Blanco,152104,Diésel,Automática,26575.87,Nuevo
V0769,Toyota,Modelo B,2000,Blanco,194848,Eléctrico,Manual,30756.56,Usado
V0770,Toyota,Modelo C,2019,Negro,158964,Híbrido,Automática,13505.37,Usado
V0771,Ford,Modelo A,2017,Negro,181497,Gasolina,Automática,13326.88,Nuevo
V0772,BMW,Modelo E,2003,Azul,52219,Diésel,Manual,37387.41,Usado
V0773,BMW,Modelo A,2013,Verde,167413,Gasolina,Manual,18879.32,Usado
V0774,Ford,Modelo D,2011,Blanco,39282,Diésel,Manual,36961.52,Usado
V0775,Toyota,Modelo C,2017,Negro,6927,Gasolina,Automática,28287.28,Nuevo
V0776,Toyota,Modelo E,2004,Blanco,37655,Diésel,Automática,21512.22,Usado
V0777,Toyota,Modelo D,2015,Verde,164286,Gasolina,Automática,7059.74,Usado
V0778,Honda,Modelo C,2010,Azul,71734,Híbrido,Manual,48762.58,Usado
V0779,BMW,Modelo B,2006,Verde,81260,Gasolina,Automática,22100.54,Nuevo
V0780,BMW,Modelo A,2020,Azul,8145,Híbrido,Manual,40533.6,Nuevo
V0781,Chevrolet,Modelo D,2021,Blanco,183639,Diésel,Manual,20151.16,Usado
V0782,Chevrolet,Modelo A,2006,Rojo,47725,Híbrido,Automática,45400.33,Nuevo
V0783,Honda,Modelo A,2016,Blanco,98784,Gasolina,Automática,8245.71,Nuevo
V0784,Honda,Modelo D,2004,Rojo,17990,Híbrido,Automática,17662.15,Nuevo
V0785,BMW,Modelo D,2003,Blanco,113363,Diésel,Manual,28679.17,Usado
V0786,Chevrolet,Modelo E,2007,Verde,77734,Diésel,Automática,32584.05,Nuevo
V0787,Ford,Modelo C,2000,Azul,63809,Eléctrico,Automática,33955.44,Usado
V0788,Toyota,Modelo B,2000,Blanco,192801,Diésel,Manual,22635.48,Nuevo
V0789,BMW,Modelo C,2008,Negro,80485,Gasolina,Manual,33245.49,Nuevo
V0790,Ford,Modelo B,2003,Azul,85345,Gasolina,Manual,43980.08,Nuevo
V0791,Honda,Modelo B,2006,Verde,41091,Eléctrico,Automática,42713.36,Nuevo
V0792,Toyota,Modelo E,2005,Blanco,138362,Eléctrico,Manual,16353.06,Usado
V0793,Honda,Modelo C,2007,Azul,86706,Diésel,Automática,6871.87,Nuevo
V0794,Chevrolet,Modelo D,2019,Negro,155553,Gasolina,Manual,15784.1,Nuevo
V0795,Ford,Modelo A,2013,Azul,160259,Eléctrico,Manual,41877.74,Usado
V0796,Toyota,Modelo E,2018,Blanco,41293,Gasolina,Manual,34651.26,Nuevo
V0797,Toyota,Modelo E,2017,Negro,13730,Eléctrico,Automática,10602.51,Usado
V0798,Honda,Modelo E,2003,Blanco,156495,Gasolina,Manual,12392.42,Usado
V0799,BMW,Modelo D,2008,Rojo,199595,Gasolina,Automática,16931.66,Nuevo
V0800,Ford,Modelo A,2015,Azul,143841,Eléctrico,Automática,43443.01,Nuevo
V0801,Toyota,Modelo B,2011,Negro,85022,Gasolina,Automática,22908.44,Usado
V0802,Toyota,Modelo D,2003,Blanco,147369,Diésel,Manual,20284.43,Nuevo
V0803,Chevrolet,Modelo C,2012,Rojo,125577,Diésel,Automática,15154.39,Usado
V0804,Ford,Modelo C,2011,Blanco,85145,Gasolina,Manual,35326.49,Usado
V0805,Ford,Modelo D,2021,Blanco,91888,Diésel,Manual,48561.75,Nuevo
V0806,Toyota,Modelo E,2017,Azul,83196,Híbrido,Automática,8570.74,Nuevo
V0807,Ford,Modelo D,2018,Azul,62025,Gasolina,Manual,27622.69,Nuevo
V0808,Ford,Modelo A,2010,Rojo,132604,Híbrido,Automática,45614.53,Nuevo
V0809,Toyota,Modelo B,2011,Azul,58686,Híbrido,Automática,17041.04,Usado
V0810,Toyota,Modelo B,2015,Negro,116832,Diésel,Manual,20256.64,Nuevo
V0811,Honda,Modelo B,2006,Rojo,161685,Híbrido,Manual,27205.6,Usado
V0812,Honda,Modelo B,2003,Azul,57547,Eléctrico,Manual,11305.58,Nuevo
V0813,Honda,Modelo E,2018,Verde,13496,Gasolina,Manual,41170.31,Nuevo
V0814,Honda,Modelo C,2021,Negro,154489,Gasolina,Manual,16331.49,Usado
V0815,Ford,Modelo C,2003,Blanco,132524,Híbrido,Automática,7646.94,Usado
V0816,Chevrolet,Modelo D,2021,Negro,169666,Diésel,Automática,34913.76,Nuevo
V0817,Toyota,Modelo B,2001,Negro,67680,Híbrido,Manual,29538.41,Usado
V0818,Toyota,Modelo C,2010,Negro,79964,Híbrido,Automática,46833.71,Nuevo
V0819,BMW,Modelo A,2001,Verde,113400,Eléctrico,Automática,40218.84,Usado
V0820,Chevrolet,Modelo D,2021,Negro,27210,Híbrido,Manual,6620.88,Nuevo
V0821,Chevrolet,Modelo E,2010,Verde,47459,Híbrido,Automática,28840.95,Nuevo
V0822,Toyota,Modelo C,2009,Verde,194845,Gasolina,Automática,44052.35,Usado
V0823,Chevrolet,Modelo B,2013,Azul,169149,Eléctrico,Automática,5825.1,Nuevo
V0824,BMW,Modelo E,2019,Verde,69099,Gasolina,Automática,21805.91,Usado
V0825,Ford,Modelo A,2002,Verde,184361,Diésel,Automática,42489.13,Usado
V0826,Honda,Modelo A,2018,Rojo,86949,Diésel,Automática,16220.1,Nuevo
V0827,BMW,Modelo A,2020,Verde,8895,Híbrido,Automática,5548.18,Usado
V0828,Honda,Modelo E,2007,Negro,15713,Eléctrico,Automática,20325.76,Usado
V0829,Toyota,Modelo C,2008,Blanco,121085,Híbrido,Automática,6556.53,Usado
V0830,Ford,Modelo C,2021,Verde,68643,Híbrido,Automática,46206.06,Nuevo
V0831,BMW,Modelo B,2005,Verde,73450,Diésel,Automática,43375.05,Usado
V0832,Chevrolet,Modelo E,2014,Azul,67792,Eléctrico,Automática,23986.47,Nuevo
V0833,Ford,Modelo C,2019,Azul,182356,Diésel,Manual,23351.84,Usado
V0834,BMW,Modelo D,2006,Negro,146465,Híbrido,Manual,49074.17,Usado
V0835,Ford,Modelo B,2000,Rojo,135811,Eléctrico,Manual,27016.75,Nuevo
V0836,Toyota,Modelo C,2008,Verde,39263,Híbrido,Automática,24651.02,Usado
V0837,Chevrolet,Modelo D,2021,Blanco,77037,Híbrido,Automática,23021.13,Nuevo
V0838,Honda,Modelo B,2015,Verde,177252,Diésel,Manual,19296.39,Usado
V0839,Honda,Modelo A,2005,Rojo,93128,Eléctrico,Automática,20445.41,Nuevo
V0840,Honda,Modelo A,2003,Rojo,180926,Diésel,Automática,24997.27,Nuevo
V0841,BMW,Modelo D,2014,Blanco,32281,Eléctrico,Manual,46558.55,Usado
V0842,Ford,Modelo A,2008,Negro,87333,Híbrido,Automática,44503.16,Nuevo
V0843,Chevrolet,Modelo D,2009,Verde,87754,Híbrido,Automática,39324.6,Nuevo
V0844,Chevrolet,Modelo B,2004,Verde,83168,Gasolina,Automática,40270.29,Usado
V0845,BMW,Modelo C,2007,Azul,193219,Eléctrico,Automática,24076.49,Nuevo
V0846,Chevrolet,Modelo B,2001,Negro,11903,Híbrido,Automática,31226.97,Nuevo
V0847,Chevrolet,Modelo D,2019,Blanco,133823,Diésel,Manual,45361.44,Nuevo
V0848,Ford,Modelo E,2013,Verde,91861,Diésel,Automática,19889.49,Nuevo
V0849,Ford,Modelo E,2005,Rojo,177128,Gasolina,Automática,22883.81,Usado
V0850,Ford,Modelo D,2008,Negro,143949,Diésel,Automática,16928.7,Nuevo
V0851,BMW,Modelo A,2009,Rojo,127072,Gasolina,Automática,7022.25,Nuevo
V0852,BMW,Modelo D,2021,Rojo,69226,Eléctrico,Automática,5730.51,Usado
V0853,BMW,Modelo C,2007,Verde,93189,Diésel,Automática,17259.7,Usado
V0854,Chevrolet,Modelo B,2003,Blanco,47381,Gasolina,Automática,47352.81,Nuevo
V0855,Honda,Modelo D,2015,Blanco,66728,Híbrido,Manual,19590.71,Usado
V0856,Chevrolet,Modelo C,2005,Blanco,50317,Gasolina,Automática,44985.75,Nuevo
V0857,Ford,Modelo E,2009,Verde,61986,Diésel,Manual,10315.52,Nuevo
V0858,Honda,Modelo D,2022,Azul,193920,Gasolina,Manual,35360.13,Nuevo
V0859,Toyota,Modelo A,2021,Blanco,44076,Gasolina,Manual,19785.97,Nuevo
V0860,Honda,Modelo D,2011,Rojo,99504,Eléctrico,Manual,45161.81,Usado
V0861,Ford,Modelo E,2003,Rojo,106863,Eléctrico,Manual,36398.09,Nuevo
V0862,Ford,Modelo C,2018,Azul,128307,Eléctrico,Automática,20395.82,Usado
V0863,Ford,Modelo D,2003,Negro,168763,Gasolina,Automática,26939.01,Usado
V0864,Ford,Modelo D,2014,Verde,41489,Diésel,Manual,15558.85,Usado
V0865,Toyota,Modelo A,2009,Verde,139616,Eléctrico,Automática,6354.97,Nuevo
V0866,Honda,Modelo D,2017,Rojo,102112,Diésel,Manual,7912.99,Nuevo
V0867,Toyota,Modelo B,2015,Blanco,83723,Eléctrico,Manual,41529.83,Usado
V0868,Chevrolet,Modelo D,2022,Blanco,86726,Gasolina,Manual,38280.6,Usado
V0869,Honda,Modelo C,2015,Azul,48965,Eléctrico,Automática,34968.03,Usado
V0870,Chevrolet,Modelo B,2009,Negro,180305,Diésel,Automática,46091.14,Nuevo
V0871,Chevrolet,Modelo A,2019,Blanco,8118,Gasolina,Manual,16357.78,Usado
V0872,Chevrolet,Modelo C,2007,Blanco,7372,Híbrido,Manual,5812.64,Nuevo
V0873,Ford,Modelo A,2007,Rojo,196649,Híbrido,Automática,46161.1,Nuevo
V0874,Honda,Modelo D,2005,Blanco,52689,Diésel,Manual,49395.7,Nuevo
V0875,BMW,Modelo D,2011,Verde,137119,Gasolina,Manual,12521.5,Nuevo
V0876,Honda,Modelo D,2012,Blanco,184579,Diésel,Manual,34783.75,Usado
V0877,Ford,Modelo E,2014,Blanco,744,Eléctrico,Manual,9556.41,Nuevo
V0878,Honda,Modelo E,2014,Negro,89514,Gasolina,Automática,7488.38,Usado
V0879,Ford,Modelo E,2002,Verde,75614,Diésel,Manual,21319.54,Nuevo
V0880,Honda,Modelo B,2001,Azul,158342,Gasolina,Automática,9526.83,Usado
V0881,Honda,Modelo E,2010,Verde,147264,Diésel,Manual,10003.37,Nuevo
V0882,Chevrolet,Modelo D,2005,Azul,152196,Diésel,Automática,27228.81,Usado
V0883,Toyota,Modelo D,2014,Negro,7616,Gasolina,Manual,28844.45,Usado
V0884,Honda,Modelo A,2000,Negro,102387,Híbrido,Automática,22717.35,Usado
V0885,BMW,Modelo C,2019,Rojo,177635,Eléctrico,Manual,34927.32,Usado
V0886,Toyota,Modelo C,2007,Negro,5462,Híbrido,Manual,49400.87,Nuevo
V0887,BMW,Modelo B,2015,Blanco,38878,Gasolina,Manual,42883.12,Usado
V0888,Honda,Modelo C,2015,Verde,62951,Eléctrico,Automática,39387.46,Nuevo
V0889,Ford,Modelo B,2001,Azul,168726,Diésel,Manual,23733.76,Nuevo
V0890,Honda,Modelo A,2000,Verde,100439,Híbrido,Automática,19843.22,Usado
V0891,Chevrolet,Modelo D,2008,Verde,79153,Gasolina,Manual,30708.61,Usado
V0892,Ford,Modelo D,2017,Verde,174874,Híbrido,Automática,18870.9,Usado
V0893,BMW,Modelo B,2013,Verde,112758,Gasolina,Automática,12647.16,Nuevo
V0894,Honda,Modelo E,2014,Verde,79672,Eléctrico,Automática,44070.38,Usado
V0895,Honda,Modelo A,2022,Negro,7042,Híbrido,Manual,10431.74,Usado
V0896,Ford,Modelo D,2000,Verde,15317,Eléctrico,Automática,49295.44,Usado
V0897,Honda,Modelo D,2005,Verde,115724,Gasolina,Manual,16672.81,Nuevo
V0898,Toyota,Modelo A,2021,Azul,30672,Gasolina,Automática,38176.4,Usado
V0899,BMW,Modelo B,2022,Verde,20482,Diésel,Manual,7749.77,Nuevo
V0900,Honda,Modelo E,2005,Verde,55387,Gasolina,Automática,41141.21,Nuevo
V0901,Honda,Modelo B,2013,Verde,141945,Híbrido,Automática,28209.54,Usado
V0902,Ford,Modelo A,2003,Blanco,34537,Gasolina,Automática,48538.56,Usado
V0903,Chevrolet,Modelo C,2013,Blanco,97315,Gasolina,Automática,27155.14,Nuevo
V0904,BMW,Modelo B,2003,Blanco,11904,Diésel,Manual,39994.91,Usado
V0905,Toyota,Modelo C,2008,Verde,148797,Eléctrico,Automática,15462.56,Usado
V0906,Toyota,Modelo A,2003,Negro,97357,Gasolina,Manual,20669.97,Nuevo
V0907,Ford,Modelo C,2009,Blanco,119295,Gasolina,Automática,40489.12,Nuevo
V0908,Toyota,Modelo D,2011,Rojo,101989,Diésel,Manual,44274.62,Usado
V0909,Chevrolet,Modelo C,2003,Blanco,92562,Híbrido,Manual,9788.21,Nuevo
V0910,Honda,Modelo E,2011,Azul,193811,Gasolina,Manual,36104.44,Usado
V0911,BMW,Modelo E,2011,Negro,95980,Eléctrico,Automática,49119.48,Nuevo
V0912,Honda,Modelo A,2019,Azul,84635,Diésel,Automática,47608.95,Nuevo
V0913,Ford,Modelo E,2022,Azul,94473,Híbrido,Manual,21394.93,Usado
V0914,Honda,Modelo C,2010,Blanco,12912,Diésel,Automática,18446.71,Usado
V0915,Chevrolet,Modelo D,2010,Azul,105894,Gasolina,Manual,11053.24,Nuevo
V0916,Toyota,Modelo A,2004,Azul,77690,Gasolina,Manual,49434.99,Usado
V0917,BMW,Modelo B,2012,Negro,181004,Eléctrico,Automática,39598.05,Usado
V0918,Chevrolet,Modelo D,2002,Blanco,117990,Diésel,Automática,33161.27,Nuevo
V0919,Ford,Modelo B,2005,Negro,102,Diésel,Manual,28444.62,Nuevo
V0920,BMW,Modelo A,2015,Verde,151621,Diésel,Manual,41287.66,Nuevo
V0921,Honda,Modelo B,2012,Blanco,41022,Híbrido,Automática,34324.64,Usado
V0922,Ford,Modelo D,2017,Azul,175116,Diésel,Automática,26943,Nuevo
V0923,Honda,Modelo E,2015,Blanco,5698,Diésel,Manual,24874.42,Usado
V0924,Chevrolet,Modelo A,2009,Blanco,98363,Híbrido,Manual,22036.23,Usado
V0925,Chevrolet,Modelo E,2021,Verde,161664,Eléctrico,Automática,48643.73,Usado
V0926,Ford,Modelo E,2008,Negro,105496,Eléctrico,Automática,46166.1,Nuevo
V0927,Toyota,Modelo E,2003,Blanco,168298,Eléctrico,Automática,20024.08,Nuevo
V0928,Ford,Modelo D,2014,Blanco,29664,Diésel,Manual,7919.63,Usado
V0929,Toyota,Modelo C,2016,Rojo,40068,Híbrido,Manual,11999.04,Nuevo
V0930,Ford,Modelo E,2006,Blanco,77768,Híbrido,Manual,31828.52,Nuevo
V0931,Ford,Modelo C,2019,Negro,75154,Eléctrico,Automática,37586.28,Nuevo
V0932,BMW,Modelo A,2001,Rojo,82733,Diésel,Manual,43842.76,Nuevo
V0933,Toyota,Modelo B,2015,Azul,127452,Eléctrico,Automática,45937.24,Nuevo
V0934,Toyota,Modelo E,2011,Azul,196807,Gasolina,Automática,47066.89,Nuevo
V0935,Chevrolet,Modelo C,2007,Blanco,74312,Gasolina,Automática,48998.35,Nuevo
V0936,Honda,Modelo A,2008,Negro,162704,Diésel,Automática,40053.86,Usado
V0937,Chevrolet,Modelo D,2003,Blanco,9814,Eléctrico,Manual,37994.5,Nuevo
V0938,Toyota,Modelo A,2011,Azul,167786,Gasolina,Manual,20318.79,Nuevo
V0939,BMW,Modelo D,2022,Blanco,42879,Híbrido,Manual,46800.49,Nuevo
V0940,Toyota,Modelo B,2007,Blanco,189909,Diésel,Manual,11184.02,Nuevo
V0941,Honda,Modelo B,2009,Azul,140887,Gasolina,Automática,29518.48,Nuevo
V0942,Honda,Modelo C,2022,Azul,192993,Gasolina,Automática,25342.74,Usado
V0943,Ford,Modelo D,2013,Rojo,129346,Híbrido,Manual,45062.49,Nuevo
V0944,BMW,Modelo D,2006,Rojo,38448,Diésel,Manual,33909.11,Usado
V0945,Chevrolet,Modelo B,2007,Negro,87770,Gasolina,Manual,22329.77,Nuevo
V0946,BMW,Modelo A,2008,Negro,157835,Gasolina,Manual,9223.01,Usado
V0947,Ford,Modelo A,2005,Azul,125080,Diésel,Manual,17990.81,Usado
V0948,Toyota,Modelo C,2006,Negro,84367,Diésel,Automática,27863.03,Nuevo
V0949,Honda,Modelo B,2003,Negro,157337,Diésel,Automática,22784.25,Nuevo
V0950,Toyota,Modelo B,2007,Rojo,112517,Híbrido,Automática,47707.29,Nuevo
V0951,Toyota,Modelo E,2018,Azul,84502,Gasolina,Automática,31879.09,Usado
V0952,Ford,Modelo C,2011,Rojo,138035,Eléctrico,Manual,36814.83,Nuevo
V0953,Chevrolet,Modelo B,2018,Blanco,38045,Diésel,Manual,31803.73,Nuevo
V0954,Toyota,Modelo E,2019,Azul,10380,Eléctrico,Manual,23229.92,Usado
V0955,Honda,Modelo D,2017,Verde,15162,Híbrido,Automática,7760.21,Usado
V0956,Honda,Modelo E,2011,Negro,106364,Eléctrico,Manual,6394.38,Usado
V0957,Chevrolet,Modelo B,2001,Negro,105748,Gasolina,Manual,34418.45,Nuevo
V0958,Chevrolet,Modelo A,2016,Azul,82862,Híbrido,Automática,36267.96,Usado
V0959,Ford,Modelo C,2014,Verde,192865,Híbrido,Automática,13095.68,Nuevo
V0960,BMW,Modelo D,2010,Azul,47454,Diésel,Manual,33510.58,Usado
V0961,Honda,Modelo A,2010,Negro,50286,Gasolina,Automática,5486.33,Usado
V0962,Toyota,Modelo C,2016,Negro,140555,Diésel,Automática,25005.79,Usado
V0963,Ford,Modelo D,2015,Azul,179142,Diésel,Manual,17559.8,Nuevo
V0964,Chevrolet,Modelo D,2021,Blanco,146729,Eléctrico,Manual,44727.84,Usado
V0965,Toyota,Modelo B,2001,Rojo,187082,Gasolina,Automática,18865.71,Nuevo
V0966,BMW,Modelo E,2010,Azul,79963,Eléctrico,Automática,22585.6,Usado
V0967,Chevrolet,Modelo A,2021,Blanco,94289,Gasolina,Manual,12199.89,Usado
V0968,BMW,Modelo E,2000,Verde,91622,Eléctrico,Automática,10879.86,Usado
V0969,BMW,Modelo B,2019,Negro,116537,Diésel,Manual,20379.59,Usado
V0970,Honda,Modelo B,2015,Negro,184710,Diésel,Automática,38739.1,Usado
V0971,Honda,Modelo A,2016,Azul,150411,Diésel,Manual,8059.14,Usado
V0972,BMW,Modelo D,2008,Verde,196976,Gasolina,Manual,7677.84,Usado
V0973,Honda,Modelo C,2009,Azul,96221,Diésel,Automática,41498.26,Usado
V0974,Chevrolet,Modelo D,2020,Rojo,44493,Gasolina,Manual,28588.75,Usado
V0975,BMW,Modelo E,2022,Azul,116590,Eléctrico,Manual,43689.84,Usado
V0976,BMW,Modelo A,2011,Negro,167571,Eléctrico,Manual,32606.61,Nuevo
V0977,Ford,Modelo B,2000,Negro,82169,Eléctrico,Automática,8529.9,Nuevo
V0978,Ford,Modelo D,2017,Blanco,99335,Diésel,Manual,12823.22,Usado
V0979,Ford,Modelo A,2007,Rojo,1337,Gasolina,Automática,24893.57,Nuevo
V0980,Ford,Modelo C,2002,Blanco,131728,Diésel,Manual,13480.77,Nuevo
V0981,Toyota,Modelo B,2006,Rojo,166056,Diésel,Automática,43954.27,Usado
V0982,Ford,Modelo D,2003,Negro,128975,Diésel,Manual,49132.17,Usado
V0983,Chevrolet,Modelo B,2013,Azul,42506,Gasolina,Automática,32852.42,Usado
V0984,Toyota,Modelo E,2020,Negro,8489,Gasolina,Automática,34196.67,Nuevo
V0985,Chevrolet,Modelo C,2020,Blanco,40874,Diésel,Manual,45011.66,Usado
V0986,Ford,Modelo C,2011,Blanco,170408,Diésel,Manual,35503.18,Nuevo
V0987,BMW,Modelo C,2011,Azul,175005,Gasolina,Automática,22346.25,Usado
V0988,Toyota,Modelo E,2005,Verde,15007,Diésel,Automática,15792.64,Nuevo
V0989,BMW,Modelo D,2016,Negro,142929,Gasolina,Automática,23420.34,Usado
V0990,Chevrolet,Modelo D,2016,Blanco,141220,Híbrido,Automática,48506.28,Nuevo
V0991,Chevrolet,Modelo D,2013,Verde,46564,Híbrido,Automática,8612.07,Nuevo
V0992,Toyota,Modelo D,2008,Verde,93245,Eléctrico,Manual,9632.26,Usado
V0993,Chevrolet,Modelo D,2006,Negro,181073,Eléctrico,Automática,34809.31,Usado
V0994,Toyota,Modelo A,2012,Blanco,51057,Diésel,Manual,32180.51,Usado
V0995,Chevrolet,Modelo E,2022,Verde,8661,Gasolina,Manual,38178.39,Usado
V0996,BMW,Modelo C,2010,Blanco,99227,Gasolina,Manual,45541,Nuevo
V0997,Honda,Modelo D,2004,Verde,81177,Diésel,Automática,28154.83,Nuevo
V0998,Ford,Modelo D,2008,Negro,51119,Diésel,Automática,20763.8,Usado
V0999,Ford,Modelo C,2009,Negro,66742,Gasolina,Automática,28416.03,Nuevo
V1000,Honda,Modelo C,2015,Blanco,118216,Eléctrico,Automática,12846.66,Usado
